arrival_date,bookings,canceled,adr_mean,lead_time_mean,guests_mean,dow,month,weekofyear,bookings_lag7,bookings_ma7,cancel_rate
2015-07-08,69,24,79.99159420289855,171.02898550724638,2.0144927536231885,2,7,28,122.0,69.71428571428571,0.34782608695652173
2015-07-09,80,51,80.648,180.55,2.1125,3,7,28,93.0,67.85714285714286,0.6375
2015-07-10,51,9,111.99745098039216,73.33333333333333,2.3529411764705883,4,7,28,56.0,67.14285714285714,0.17647058823529413
2015-07-11,103,42,98.87495145631068,111.19417475728156,2.029126213592233,5,7,28,88.0,69.28571428571429,0.4077669902912621
2015-07-12,63,26,110.41984126984127,110.36507936507937,2.380952380952381,6,7,28,53.0,70.71428571428571,0.4126984126984127
2015-07-13,84,45,97.79833333333333,130.28571428571428,2.0595238095238093,0,7,29,75.0,72.0,0.5357142857142857
2015-07-14,35,11,110.63742857142857,76.28571428571429,1.9714285714285715,1,7,29,54.0,69.28571428571429,0.3142857142857143
2015-07-15,102,48,98.31901960784315,149.85294117647058,2.0392156862745097,2,7,29,69.0,74.0,0.47058823529411764
2015-07-16,103,62,98.43922330097087,140.70873786407768,2.0194174757281553,3,7,29,80.0,77.28571428571429,0.6019417475728155
2015-07-17,151,45,107.06781456953642,161.841059602649,1.900662251655629,4,7,29,51.0,91.57142857142857,0.2980132450331126
2015-07-18,155,78,92.60735483870967,98.13548387096775,2.0451612903225804,5,7,29,103.0,99.0,0.5032258064516129
2015-07-19,54,18,122.97240740740742,58.53703703703704,2.1481481481481484,6,7,29,63.0,97.71428571428571,0.3333333333333333
2015-07-20,125,72,103.56536,152.28,2.128,0,7,30,84.0,103.57142857142857,0.576
2015-07-21,71,44,98.40422535211268,112.54929577464789,2.140845070422535,1,7,30,35.0,108.71428571428571,0.6197183098591549
2015-07-22,127,84,79.228031496063,135.48818897637796,2.031496062992126,2,7,30,102.0,112.28571428571429,0.6614173228346457
2015-07-23,124,59,92.79298387096775,153.11290322580646,2.0161290322580645,3,7,30,103.0,115.28571428571429,0.47580645161290325
2015-07-24,64,15,138.41703125,51.796875,2.25,4,7,30,151.0,102.85714285714286,0.234375
2015-07-25,203,103,87.7492118226601,114.39408866995073,2.0049261083743843,5,7,30,155.0,109.71428571428571,0.5073891625615764
2015-07-26,47,15,125.7195744680851,67.46808510638297,2.2127659574468086,6,7,30,54.0,108.71428571428571,0.3191489361702128
2015-07-27,170,97,92.06211764705883,119.63529411764706,2.041176470588235,0,7,31,125.0,115.14285714285714,0.5705882352941176
2015-07-28,34,6,109.14823529411764,61.970588235294116,2.2058823529411766,1,7,31,71.0,109.85714285714286,0.17647058823529413
2015-07-29,50,16,118.4458,73.5,2.18,2,7,31,127.0,98.85714285714286,0.32
2015-07-30,99,58,99.36585858585858,163.32323232323233,2.0202020202020203,3,7,31,124.0,95.28571428571429,0.5858585858585859
2015-07-31,69,18,132.13565217391306,61.666666666666664,2.101449275362319,4,7,31,64.0,96.0,0.2608695652173913
2015-08-01,110,50,141.161,95.02727272727273,2.2,5,8,31,203.0,82.71428571428571,0.45454545454545453
2015-08-02,50,7,138.0896,97.5,2.18,6,8,31,47.0,83.14285714285714,0.14
2015-08-03,183,110,89.51191256830602,150.49180327868854,2.1147540983606556,0,8,32,170.0,85.0,0.6010928961748634
2015-08-04,51,12,129.59529411764706,74.47058823529412,2.0,1,8,32,34.0,87.42857142857143,0.23529411764705882
2015-08-05,154,64,76.94655844155844,88.28571428571429,1.948051948051948,2,8,32,50.0,102.28571428571429,0.4155844155844156
2015-08-06,75,27,97.80786666666667,115.10666666666667,1.9466666666666668,3,8,32,99.0,98.85714285714286,0.36
2015-08-07,133,56,96.5093984962406,109.49624060150376,2.112781954887218,4,8,32,69.0,108.0,0.42105263157894735
2015-08-08,206,100,99.96776699029127,109.19417475728156,2.063106796116505,5,8,32,110.0,121.71428571428571,0.4854368932038835
2015-08-09,84,14,139.3336904761905,49.095238095238095,2.1904761904761907,6,8,32,50.0,126.57142857142857,0.16666666666666666
2015-08-10,206,79,103.41553398058252,110.87864077669903,2.116504854368932,0,8,33,183.0,129.85714285714286,0.38349514563106796
2015-08-11,115,28,116.0204347826087,48.130434782608695,2.0782608695652174,1,8,33,51.0,139.0,0.24347826086956523
2015-08-12,133,50,90.59323308270676,108.02255639097744,1.962406015037594,2,8,33,154.0,136.0,0.37593984962406013
2015-08-13,107,54,109.52757009345795,135.02803738317758,2.074766355140187,3,8,33,75.0,140.57142857142858,0.5046728971962616
2015-08-14,329,210,106.32279635258358,101.54711246200608,2.0030395136778116,4,8,33,133.0,168.57142857142858,0.6382978723404256
2015-08-15,190,89,107.26752631578948,107.9,2.094736842105263,5,8,33,206.0,166.28571428571428,0.46842105263157896
2015-08-16,98,24,141.59357142857144,54.52040816326531,2.0510204081632653,6,8,33,84.0,168.28571428571428,0.24489795918367346
2015-08-17,188,80,101.33313829787235,124.99468085106383,2.0425531914893615,0,8,34,206.0,165.71428571428572,0.425531914893617
2015-08-18,94,26,120.56978723404255,27.680851063829788,2.127659574468085,1,8,34,115.0,162.71428571428572,0.2765957446808511
2015-08-19,66,8,118.19772727272728,34.515151515151516,2.090909090909091,2,8,34,133.0,153.14285714285714,0.12121212121212122
2015-08-20,110,50,95.4699090909091,142.04545454545453,2.0636363636363635,3,8,34,107.0,153.57142857142858,0.45454545454545453
2015-08-21,75,13,131.9688,42.693333333333335,2.1866666666666665,4,8,34,329.0,117.28571428571429,0.17333333333333334
2015-08-22,139,59,116.50798561151079,103.64028776978417,2.1654676258992804,5,8,34,190.0,110.0,0.4244604316546763
2015-08-23,79,17,134.81417721518986,49.74683544303797,2.189873417721519,6,8,34,98.0,107.28571428571429,0.21518987341772153
2015-08-24,153,69,100.00424836601307,134.4640522875817,2.084967320261438,0,8,35,188.0,102.28571428571429,0.45098039215686275
2015-08-25,126,59,89.82166666666667,110.57142857142857,2.007936507936508,1,8,35,94.0,106.85714285714286,0.46825396825396826
2015-08-26,121,49,81.86842975206612,114.74380165289256,1.9917355371900827,2,8,35,66.0,114.71428571428571,0.4049586776859504
2015-08-27,99,61,94.17070707070707,162.92929292929293,2.1414141414141414,3,8,35,110.0,113.14285714285714,0.6161616161616161
2015-08-28,84,25,120.58809523809524,47.44047619047619,2.2142857142857144,4,8,35,75.0,114.42857142857143,0.2976190476190476
2015-08-29,109,20,111.86330275229358,66.86238532110092,2.091743119266055,5,8,35,139.0,110.14285714285714,0.1834862385321101
2015-08-30,101,52,105.02455445544554,67.68316831683168,2.00990099009901,6,8,35,79.0,113.28571428571429,0.5148514851485149
2015-08-31,115,36,89.87147826086957,103.01739130434783,1.9043478260869566,0,8,36,153.0,107.85714285714286,0.3130434782608696
2015-09-01,100,18,105.0,82.93,2.11,1,9,36,126.0,104.14285714285714,0.18
2015-09-02,128,55,65.270625,149.0234375,2.0390625,2,9,36,121.0,105.14285714285714,0.4296875
2015-09-03,155,66,85.92045161290322,167.56129032258065,2.264516129032258,3,9,36,99.0,113.14285714285714,0.4258064516129032
2015-09-04,192,42,100.04494791666667,119.6875,1.734375,4,9,36,84.0,128.57142857142858,0.21875
2015-09-05,240,145,81.16608333333333,133.7875,2.1125,5,9,36,109.0,147.28571428571428,0.6041666666666666
2015-09-06,151,24,89.56271523178808,61.65562913907285,1.9271523178807948,6,9,36,101.0,154.42857142857142,0.15894039735099338
2015-09-07,132,41,102.42840909090908,97.95454545454545,2.265151515151515,0,9,37,115.0,156.85714285714286,0.3106060606060606
2015-09-08,104,34,93.75346153846155,112.71153846153847,1.9326923076923077,1,9,37,100.0,157.42857142857142,0.3269230769230769
2015-09-09,201,64,88.22746268656716,124.92039800995025,1.8059701492537314,2,9,37,128.0,167.85714285714286,0.31840796019900497
2015-09-10,139,75,96.64805755395683,104.89208633093526,1.935251798561151,3,9,37,155.0,165.57142857142858,0.539568345323741
2015-09-11,210,79,89.12328571428571,118.56190476190476,1.7142857142857142,4,9,37,192.0,168.14285714285714,0.3761904761904762
2015-09-12,191,89,71.49759162303664,178.77486910994764,2.06282722513089,5,9,37,240.0,161.14285714285714,0.46596858638743455
2015-09-13,65,14,96.58876923076923,74.86153846153846,2.0153846153846153,6,9,37,151.0,148.85714285714286,0.2153846153846154
2015-09-14,149,36,87.59127516778524,157.63758389261744,1.8926174496644295,0,9,38,132.0,151.28571428571428,0.24161073825503357
2015-09-15,121,41,85.17454545454547,92.49586776859505,1.7603305785123966,1,9,38,104.0,153.71428571428572,0.33884297520661155
2015-09-16,170,51,83.23041176470588,101.66470588235295,1.8764705882352941,2,9,38,201.0,149.28571428571428,0.3
2015-09-17,331,194,65.27864048338368,187.76132930513594,1.7341389728096677,3,9,38,139.0,176.71428571428572,0.5861027190332326
2015-09-18,340,203,101.5775294117647,145.14411764705883,1.8558823529411765,4,9,38,210.0,195.28571428571428,0.5970588235294118
2015-09-19,195,76,85.45189743589744,139.16923076923078,2.0615384615384613,5,9,38,191.0,195.85714285714286,0.38974358974358975
2015-09-20,129,42,93.69147286821706,54.68217054263566,1.8682170542635659,6,9,38,65.0,205.0,0.32558139534883723
2015-09-21,226,79,81.7346017699115,132.62389380530973,1.9646017699115044,0,9,39,149.0,216.0,0.3495575221238938
2015-09-22,101,14,103.34059405940593,31.900990099009903,1.7722772277227723,1,9,39,121.0,213.14285714285714,0.13861386138613863
2015-09-23,159,45,103.26811320754717,116.44654088050315,1.9245283018867925,2,9,39,170.0,211.57142857142858,0.2830188679245283
2015-09-24,215,120,118.69390697674417,211.8093023255814,2.0093023255813955,3,9,39,331.0,195.0,0.5581395348837209
2015-09-25,275,123,144.3965090909091,86.37818181818182,1.7563636363636363,4,9,39,340.0,185.71428571428572,0.44727272727272727
2015-09-26,198,114,128.4719696969697,127.31313131313131,1.9343434343434343,5,9,39,195.0,186.14285714285714,0.5757575757575758
2015-09-27,69,18,113.88014492753622,59.391304347826086,1.608695652173913,6,9,39,129.0,177.57142857142858,0.2608695652173913
2015-09-28,107,43,97.73177570093458,105.42990654205607,1.6822429906542056,0,9,40,226.0,160.57142857142858,0.40186915887850466
2015-09-29,111,47,78.34531531531532,95.16216216216216,1.7927927927927927,1,9,40,101.0,162.0,0.42342342342342343
2015-09-30,205,101,107.4320487804878,67.92682926829268,1.8341463414634147,2,9,40,159.0,168.57142857142858,0.4926829268292683
2015-10-01,121,34,83.64289256198347,86.03305785123968,1.8512396694214877,3,10,40,215.0,155.14285714285714,0.2809917355371901
2015-10-02,204,21,94.60127450980391,121.57352941176471,1.4656862745098038,4,10,40,275.0,145.0,0.10294117647058823
2015-10-03,210,151,63.991238095238096,170.33809523809524,2.0095238095238095,5,10,40,198.0,146.71428571428572,0.719047619047619
2015-10-04,185,70,78.52032432432432,84.05945945945946,2.091891891891892,6,10,40,69.0,163.28571428571428,0.3783783783783784
2015-10-05,223,115,101.0778475336323,101.45291479820628,1.6278026905829597,0,10,41,107.0,179.85714285714286,0.515695067264574
2015-10-06,178,69,83.81707865168539,58.1123595505618,1.949438202247191,1,10,41,111.0,189.42857142857142,0.38764044943820225
2015-10-07,190,58,79.054,97.7421052631579,1.7421052631578948,2,10,41,205.0,187.28571428571428,0.30526315789473685
2015-10-08,164,80,67.34121951219511,158.4939024390244,1.9024390243902438,3,10,41,121.0,193.42857142857142,0.4878048780487805
2015-10-09,210,78,89.84609523809524,91.88571428571429,1.9285714285714286,4,10,41,204.0,194.28571428571428,0.37142857142857144
2015-10-10,250,119,67.39583999999999,147.172,1.996,5,10,41,210.0,200.0,0.476
2015-10-11,102,34,75.26392156862745,90.02941176470588,1.9215686274509804,6,10,41,185.0,188.14285714285714,0.3333333333333333
2015-10-12,207,47,74.7564734299517,103.44927536231884,1.8357487922705313,0,10,42,223.0,185.85714285714286,0.22705314009661837
2015-10-13,98,8,76.54234693877551,45.5,1.7857142857142858,1,10,42,178.0,174.42857142857142,0.08163265306122448
2015-10-14,72,4,71.42638888888888,81.22222222222223,1.7361111111111112,2,10,42,190.0,157.57142857142858,0.05555555555555555
2015-10-15,254,67,73.17665354330708,144.98031496062993,1.6653543307086613,3,10,42,164.0,170.42857142857142,0.2637795275590551
2015-10-16,355,222,95.59076056338029,163.54084507042253,1.8647887323943662,4,10,42,210.0,191.14285714285714,0.6253521126760564
2015-10-17,130,68,71.30161538461537,214.66923076923078,2.0307692307692307,5,10,42,250.0,174.0,0.5230769230769231
2015-10-18,116,18,82.64025862068966,39.26724137931034,1.9137931034482758,6,10,42,102.0,176.0,0.15517241379310345
2015-10-19,229,59,76.1150655021834,89.58078602620087,1.7336244541484715,0,10,43,207.0,179.14285714285714,0.2576419213973799
2015-10-20,109,15,96.60412844036698,27.44954128440367,1.6697247706422018,1,10,43,98.0,180.71428571428572,0.13761467889908258
2015-10-21,131,28,66.61343511450382,85.93129770992367,1.7251908396946565,2,10,43,72.0,189.14285714285714,0.21374045801526717
2015-10-22,88,12,74.53988636363637,49.11363636363637,1.9545454545454546,3,10,43,254.0,165.42857142857142,0.13636363636363635
2015-10-23,99,13,70.70525252525252,39.08080808080808,1.8484848484848484,4,10,43,355.0,128.85714285714286,0.13131313131313133
2015-10-24,160,99,84.9970625,70.40625,1.83125,5,10,43,130.0,133.14285714285714,0.61875
2015-10-25,148,13,86.45945945945945,55.027027027027025,1.9662162162162162,6,10,43,116.0,137.71428571428572,0.08783783783783784
2015-10-26,97,36,69.38082474226803,102.62886597938144,1.7525773195876289,0,10,44,229.0,118.85714285714286,0.3711340206185567
2015-10-27,53,1,65.9233962264151,17.056603773584907,1.6037735849056605,1,10,44,109.0,110.85714285714286,0.018867924528301886
2015-10-28,141,8,83.75609929078014,46.340425531914896,1.8156028368794326,2,10,44,131.0,112.28571428571429,0.05673758865248227
2015-10-29,130,54,78.37961538461539,92.16153846153846,1.6615384615384616,3,10,44,88.0,118.28571428571429,0.4153846153846154
2015-10-30,106,38,70.5861320754717,44.113207547169814,1.8584905660377358,4,10,44,99.0,119.28571428571429,0.3584905660377358
2015-10-31,191,93,57.28418848167539,118.77486910994764,1.9895287958115184,5,10,44,160.0,123.71428571428571,0.4869109947643979
2015-11-01,57,8,59.75280701754386,33.01754385964912,1.8771929824561404,6,11,44,148.0,110.71428571428571,0.14035087719298245
2015-11-02,77,22,66.29012987012987,34.077922077922075,1.7402597402597402,0,11,45,97.0,107.85714285714286,0.2857142857142857
2015-11-03,70,5,52.32514285714286,15.757142857142858,1.5714285714285714,1,11,45,53.0,110.28571428571429,0.07142857142857142
2015-11-04,69,24,76.11565217391303,16.492753623188406,1.463768115942029,2,11,45,141.0,100.0,0.34782608695652173
2015-11-05,60,5,67.659,21.016666666666666,1.6333333333333333,3,11,45,130.0,90.0,0.08333333333333333
2015-11-06,101,17,66.34415841584159,52.83168316831683,1.7821782178217822,4,11,45,106.0,89.28571428571429,0.16831683168316833
2015-11-07,111,31,56.59495495495496,67.54954954954955,1.7387387387387387,5,11,45,191.0,77.85714285714286,0.27927927927927926
2015-11-08,54,9,61.7562962962963,32.7037037037037,1.6296296296296295,6,11,45,57.0,77.42857142857143,0.16666666666666666
2015-11-09,82,37,62.1109756097561,111.13414634146342,1.7682926829268293,0,11,46,77.0,78.14285714285714,0.45121951219512196
2015-11-10,50,11,63.3806,24.32,1.7,1,11,46,70.0,75.28571428571429,0.22
2015-11-11,71,21,59.43394366197184,35.732394366197184,1.4366197183098592,2,11,46,69.0,75.57142857142857,0.29577464788732394
2015-11-12,65,20,56.83615384615384,33.276923076923076,1.476923076923077,3,11,46,60.0,76.28571428571429,0.3076923076923077
2015-11-13,59,31,73.7884745762712,46.983050847457626,1.9152542372881356,4,11,46,101.0,70.28571428571429,0.5254237288135594
2015-11-14,39,6,72.74564102564102,26.743589743589745,1.9743589743589745,5,11,46,111.0,60.0,0.15384615384615385
2015-11-15,28,4,58.184285714285714,28.821428571428573,1.6785714285714286,6,11,46,54.0,56.285714285714285,0.14285714285714285
2015-11-16,74,11,44.254999999999995,27.675675675675677,1.5945945945945945,0,11,47,82.0,55.142857142857146,0.14864864864864866
2015-11-17,81,7,58.17901234567901,24.135802469135804,1.4320987654320987,1,11,47,50.0,59.57142857142857,0.08641975308641975
2015-11-18,173,12,62.576069364161846,90.69942196531792,1.4913294797687862,2,11,47,71.0,74.14285714285714,0.06936416184971098
2015-11-19,55,11,62.12309090909091,39.14545454545455,1.8,3,11,47,65.0,72.71428571428571,0.2
2015-11-20,186,54,64.47494623655913,77.33333333333333,1.5483870967741935,4,11,47,59.0,90.85714285714286,0.2903225806451613
2015-11-21,86,5,47.23139534883721,43.31395348837209,2.0813953488372094,5,11,47,39.0,97.57142857142857,0.05813953488372093
2015-11-22,38,2,63.87868421052631,23.973684210526315,1.7105263157894737,6,11,47,28.0,99.0,0.05263157894736842
2015-11-23,211,71,68.04175355450236,76.92890995260663,1.2417061611374407,0,11,48,74.0,118.57142857142857,0.33649289099526064
2015-11-24,69,4,55.84086956521739,34.492753623188406,1.565217391304348,1,11,48,81.0,116.85714285714286,0.057971014492753624
2015-11-25,47,5,53.60617021276595,16.829787234042552,1.446808510638298,2,11,48,173.0,98.85714285714286,0.10638297872340426
2015-11-26,56,7,54.870178571428575,34.69642857142857,1.5714285714285714,3,11,48,55.0,99.0,0.125
2015-11-27,132,18,54.854318181818186,37.14393939393939,1.7878787878787878,4,11,48,186.0,91.28571428571429,0.13636363636363635
2015-11-28,61,14,55.04049180327869,23.311475409836067,2.1639344262295084,5,11,48,86.0,87.71428571428571,0.22950819672131148
2015-11-29,20,5,67.545,26.45,1.9,6,11,48,38.0,85.14285714285714,0.25
2015-11-30,55,9,45.29,21.327272727272728,1.3818181818181818,0,11,49,211.0,62.857142857142854,0.16363636363636364
2015-12-01,57,12,53.73701754385965,23.035087719298247,1.3333333333333333,1,12,49,69.0,61.142857142857146,0.21052631578947367
2015-12-02,58,6,53.51155172413793,16.29310344827586,1.4827586206896552,2,12,49,47.0,62.714285714285715,0.10344827586206896
2015-12-03,83,24,59.04638554216868,38.53012048192771,1.6626506024096386,3,12,49,56.0,66.57142857142857,0.2891566265060241
2015-12-04,123,47,73.0969918699187,56.21951219512195,2.048780487804878,4,12,49,132.0,65.28571428571429,0.3821138211382114
2015-12-05,448,193,69.27330357142857,80.203125,2.03125,5,12,49,61.0,120.57142857142857,0.43080357142857145
2015-12-06,63,19,68.85539682539682,31.952380952380953,1.9206349206349207,6,12,49,20.0,126.71428571428571,0.30158730158730157
2015-12-07,27,4,49.37407407407407,13.74074074074074,1.9259259259259258,0,12,50,55.0,122.71428571428571,0.14814814814814814
2015-12-08,191,167,84.35848167539267,30.308900523560208,1.0890052356020943,1,12,50,57.0,141.85714285714286,0.8743455497382199
2015-12-09,152,84,76.8625,44.60526315789474,1.8157894736842106,2,12,50,58.0,155.28571428571428,0.5526315789473685
2015-12-10,81,3,32.16987654320988,14.049382716049383,1.3580246913580247,3,12,50,83.0,155.0,0.037037037037037035
2015-12-11,49,7,49.125510204081635,24.693877551020407,1.9387755102040816,4,12,50,123.0,144.42857142857142,0.14285714285714285
2015-12-12,43,3,63.094883720930234,28.372093023255815,2.046511627906977,5,12,50,448.0,86.57142857142857,0.06976744186046512
2015-12-13,19,4,52.147894736842105,21.68421052631579,1.631578947368421,6,12,50,63.0,80.28571428571429,0.21052631578947367
2015-12-14,39,3,47.39435897435898,26.384615384615383,1.5384615384615385,0,12,51,27.0,82.0,0.07692307692307693
2015-12-15,29,3,55.0996551724138,16.137931034482758,1.4482758620689655,1,12,51,191.0,58.857142857142854,0.10344827586206896
2015-12-16,43,2,49.81488372093023,10.86046511627907,1.441860465116279,2,12,51,152.0,43.285714285714285,0.046511627906976744
2015-12-17,49,6,49.22673469387755,29.06122448979592,1.5918367346938775,3,12,51,81.0,38.714285714285715,0.12244897959183673
2015-12-18,47,5,65.90446808510639,24.638297872340427,1.9148936170212767,4,12,51,49.0,38.42857142857143,0.10638297872340426
2015-12-19,89,35,68.63775280898876,43.93258426966292,2.134831460674157,5,12,51,43.0,45.0,0.39325842696629215
2015-12-20,38,10,55.739999999999995,67.76315789473684,1.9736842105263157,6,12,51,19.0,47.714285714285715,0.2631578947368421
2015-12-21,47,9,56.44787234042553,51.851063829787236,1.9361702127659575,0,12,52,39.0,48.857142857142854,0.19148936170212766
2015-12-22,72,17,54.63736111111111,69.61111111111111,1.9583333333333333,1,12,52,29.0,55.0,0.2361111111111111
2015-12-23,63,9,66.58428571428573,44.22222222222222,1.9206349206349207,2,12,52,43.0,57.857142857142854,0.14285714285714285
2015-12-24,86,21,68.83209302325581,44.19767441860465,2.127906976744186,3,12,52,49.0,63.142857142857146,0.2441860465116279
2015-12-25,68,28,62.68588235294118,23.602941176470587,2.0441176470588234,4,12,52,47.0,66.14285714285714,0.4117647058823529
2015-12-26,112,28,76.36901785714285,46.357142857142854,2.232142857142857,5,12,52,89.0,69.42857142857143,0.25
2015-12-27,123,40,79.02121951219513,42.203252032520325,2.0,6,12,52,38.0,81.57142857142857,0.3252032520325203
2015-12-28,100,26,81.5651,43.0,2.06,0,12,53,47.0,89.14285714285714,0.26
2015-12-29,155,54,88.03354838709677,86.86451612903225,2.0516129032258066,1,12,53,72.0,101.0,0.34838709677419355
2015-12-30,236,67,120.25389830508473,97.91525423728814,2.0042372881355934,2,12,53,63.0,125.71428571428571,0.2838983050847458
2015-12-31,123,37,116.19349593495934,60.7479674796748,2.130081300813008,3,12,53,86.0,131.0,0.3008130081300813
2016-01-01,44,11,93.85727272727273,42.22727272727273,2.3863636363636362,4,1,53,68.0,127.57142857142857,0.25
2016-01-02,183,64,83.65606557377049,55.830601092896174,1.9453551912568305,5,1,53,112.0,137.71428571428572,0.34972677595628415
2016-01-03,62,18,59.75370967741936,51.29032258064516,2.0161290322580645,6,1,53,123.0,129.0,0.2903225806451613
2016-01-04,77,11,63.81454545454546,10.74025974025974,1.7402597402597402,0,1,1,100.0,125.71428571428571,0.14285714285714285
2016-01-05,47,9,56.018297872340426,26.5531914893617,1.6170212765957446,1,1,1,155.0,110.28571428571429,0.19148936170212766
2016-01-06,49,5,66.65265306122448,20.408163265306122,1.7346938775510203,2,1,1,236.0,83.57142857142857,0.10204081632653061
2016-01-07,49,8,58.268367346938774,19.122448979591837,1.7346938775510203,3,1,1,123.0,73.0,0.16326530612244897
2016-01-08,59,12,58.881186440677965,20.45762711864407,1.9661016949152543,4,1,1,44.0,75.14285714285714,0.2033898305084746
2016-01-09,54,12,55.526481481481476,19.055555555555557,1.8888888888888888,5,1,1,183.0,56.714285714285715,0.2222222222222222
2016-01-10,46,7,58.703478260869566,19.391304347826086,1.6956521739130435,6,1,1,62.0,54.42857142857143,0.15217391304347827
2016-01-11,40,1,47.75825,5.15,1.475,0,1,2,77.0,49.142857142857146,0.025
2016-01-12,69,15,54.963043478260865,20.956521739130434,1.6666666666666667,1,1,2,47.0,52.285714285714285,0.21739130434782608
2016-01-13,48,7,49.51166666666666,9.041666666666666,1.5,2,1,2,49.0,52.142857142857146,0.14583333333333334
2016-01-14,96,18,55.795520833333335,20.90625,1.7083333333333333,3,1,2,49.0,58.857142857142854,0.1875
2016-01-15,83,17,68.99132530120481,12.433734939759036,1.9879518072289157,4,1,2,59.0,62.285714285714285,0.20481927710843373
2016-01-16,67,14,64.40223880597014,15.208955223880597,1.955223880597015,5,1,2,54.0,64.14285714285714,0.208955223880597
2016-01-17,37,6,69.58486486486485,32.351351351351354,1.9189189189189189,6,1,2,46.0,62.857142857142854,0.16216216216216217
2016-01-18,60,11,54.67966666666667,20.5,1.4,0,1,3,40.0,65.71428571428571,0.18333333333333332
2016-01-19,147,38,67.31761904761905,81.96598639455782,1.2108843537414966,1,1,3,69.0,76.85714285714286,0.2585034013605442
2016-01-20,64,8,59.12390625,14.28125,1.53125,2,1,3,48.0,79.14285714285714,0.125
2016-01-21,61,6,62.68688524590164,11.01639344262295,1.5081967213114753,3,1,3,96.0,74.14285714285714,0.09836065573770492
2016-01-22,134,85,71.30037313432835,51.95522388059702,1.7761194029850746,4,1,3,83.0,81.42857142857143,0.6343283582089553
2016-01-23,70,8,63.54342857142857,14.82857142857143,1.9428571428571428,5,1,3,67.0,81.85714285714286,0.11428571428571428
2016-01-24,36,5,67.5488888888889,17.5,1.8055555555555556,6,1,3,37.0,81.71428571428571,0.1388888888888889
2016-01-25,79,15,63.41443037974683,23.772151898734176,1.7721518987341771,0,1,4,60.0,84.42857142857143,0.189873417721519
2016-01-26,69,9,53.46985507246377,15.971014492753623,1.4492753623188406,1,1,4,147.0,73.28571428571429,0.13043478260869565
2016-01-27,155,85,65.40451612903226,72.5741935483871,1.2129032258064516,2,1,4,64.0,86.28571428571429,0.5483870967741935
2016-01-28,86,19,65.30441860465116,24.74418604651163,1.697674418604651,3,1,4,61.0,89.85714285714286,0.22093023255813954
2016-01-29,86,19,69.74011627906977,19.348837209302324,1.8604651162790697,4,1,4,134.0,83.0,0.22093023255813954
2016-01-30,58,11,65.55362068965518,19.448275862068964,1.9310344827586208,5,1,4,70.0,81.28571428571429,0.1896551724137931
2016-01-31,33,3,63.36242424242425,22.181818181818183,1.7878787878787878,6,1,4,36.0,80.85714285714286,0.09090909090909091
2016-02-01,62,14,60.61838709677419,12.080645161290322,1.564516129032258,0,2,5,79.0,78.42857142857143,0.22580645161290322
2016-02-02,67,17,60.115223880597014,25.253731343283583,1.5522388059701493,1,2,5,69.0,78.14285714285714,0.2537313432835821
2016-02-03,84,14,64.30011904761905,16.345238095238095,1.5952380952380953,2,2,5,155.0,68.0,0.16666666666666666
2016-02-04,104,19,60.71144230769231,20.25,1.6442307692307692,3,2,5,86.0,70.57142857142857,0.18269230769230768
2016-02-05,126,26,69.5811111111111,20.634920634920636,1.9761904761904763,4,2,5,86.0,76.28571428571429,0.20634920634920634
2016-02-06,219,53,68.93182648401826,38.593607305936075,2.0136986301369864,5,2,5,58.0,99.28571428571429,0.2420091324200913
2016-02-07,129,41,74.79968992248062,43.87596899224806,2.0387596899224807,6,2,5,33.0,113.0,0.3178294573643411
2016-02-08,86,15,74.87418604651162,32.604651162790695,2.0930232558139537,0,2,6,62.0,116.42857142857143,0.1744186046511628
2016-02-09,75,21,64.03493333333333,46.04,1.88,1,2,6,67.0,117.57142857142857,0.28
2016-02-10,79,14,66.07139240506329,15.721518987341772,1.7721518987341771,2,2,6,84.0,116.85714285714286,0.17721518987341772
2016-02-11,102,31,63.42529411764706,33.6078431372549,1.9019607843137254,3,2,6,104.0,116.57142857142857,0.30392156862745096
2016-02-12,292,139,71.19595890410959,57.917808219178085,2.0342465753424657,4,2,6,126.0,140.28571428571428,0.476027397260274
2016-02-13,183,31,77.2507650273224,20.40983606557377,2.0491803278688523,5,2,6,219.0,135.14285714285714,0.16939890710382513
2016-02-14,103,28,80.2366990291262,20.475728155339805,2.0194174757281553,6,2,6,129.0,131.42857142857142,0.27184466019417475
2016-02-15,87,14,59.80655172413793,36.91954022988506,1.839080459770115,0,2,7,86.0,131.57142857142858,0.16091954022988506
2016-02-16,78,8,62.22,15.23076923076923,1.641025641025641,1,2,7,75.0,132.0,0.10256410256410256
2016-02-17,286,212,71.2555944055944,48.52097902097902,1.9125874125874125,2,2,7,79.0,161.57142857142858,0.7412587412587412
2016-02-18,83,13,74.06180722891567,20.63855421686747,1.7951807228915662,3,2,7,102.0,158.85714285714286,0.1566265060240964
2016-02-19,247,93,80.13202429149798,57.30364372469636,1.6477732793522266,4,2,7,292.0,152.42857142857142,0.3765182186234818
2016-02-20,107,19,68.9126168224299,29.121495327102803,1.9906542056074767,5,2,7,183.0,141.57142857142858,0.17757009345794392
2016-02-21,105,55,75.14923809523809,59.56190476190476,2.0476190476190474,6,2,7,103.0,141.85714285714286,0.5238095238095238
2016-02-22,108,17,67.45222222222222,20.416666666666668,1.75,0,2,8,87.0,144.85714285714286,0.1574074074074074
2016-02-23,68,10,68.57382352941177,16.83823529411765,1.7352941176470589,1,2,8,78.0,143.42857142857142,0.14705882352941177
2016-02-24,104,35,69.1271153846154,27.73076923076923,1.875,2,2,8,286.0,117.42857142857143,0.33653846153846156
2016-02-25,154,60,69.92577922077922,44.824675324675326,1.8636363636363635,3,2,8,83.0,127.57142857142857,0.38961038961038963
2016-02-26,245,125,70.17877551020408,46.583673469387755,2.0081632653061225,4,2,8,247.0,127.28571428571429,0.5102040816326531
2016-02-27,211,44,70.47052132701423,53.26066350710901,1.8815165876777251,5,2,8,107.0,142.14285714285714,0.20853080568720378
2016-02-28,194,128,66.82432989690722,51.81443298969072,1.3608247422680413,6,2,8,105.0,154.85714285714286,0.6597938144329897
2016-02-29,96,39,72.96354166666667,56.1875,1.6979166666666667,0,2,9,108.0,153.14285714285714,0.40625
2016-03-01,123,30,65.26853658536585,26.016260162601625,1.6097560975609757,1,3,9,68.0,161.0,0.24390243902439024
2016-03-02,160,43,66.4903125,40.9,1.6125,2,3,9,104.0,169.0,0.26875
2016-03-03,109,27,78.76935779816515,31.568807339449542,1.871559633027523,3,3,9,154.0,162.57142857142858,0.24770642201834864
2016-03-04,214,81,74.22523364485981,46.21495327102804,1.939252336448598,4,3,9,245.0,158.14285714285714,0.37850467289719625
2016-03-05,131,34,73.39404580152673,33.56488549618321,1.8396946564885497,5,3,9,211.0,146.71428571428572,0.2595419847328244
2016-03-06,67,9,75.02164179104477,33.71641791044776,1.9104477611940298,6,3,9,194.0,128.57142857142858,0.13432835820895522
2016-03-07,149,31,69.21006711409396,26.57718120805369,1.6644295302013423,0,3,10,96.0,136.14285714285714,0.2080536912751678
2016-03-08,118,17,65.3592372881356,22.296610169491526,1.6016949152542372,1,3,10,123.0,135.42857142857142,0.1440677966101695
2016-03-09,143,25,71.69804195804196,33.66433566433567,1.8461538461538463,2,3,10,160.0,133.0,0.17482517482517482
2016-03-10,108,24,71.64731481481482,37.842592592592595,1.8981481481481481,3,3,10,109.0,132.85714285714286,0.2222222222222222
2016-03-11,182,47,68.02120879120879,42.67032967032967,1.7802197802197801,4,3,10,214.0,128.28571428571428,0.25824175824175827
2016-03-12,130,29,66.91153846153846,37.90769230769231,2.0,5,3,10,131.0,128.14285714285714,0.2230769230769231
2016-03-13,103,18,73.15796116504855,49.83495145631068,2.0,6,3,10,67.0,133.28571428571428,0.17475728155339806
2016-03-14,117,15,64.5142735042735,28.564102564102566,1.6666666666666667,0,3,11,149.0,128.71428571428572,0.1282051282051282
2016-03-15,112,18,62.70598214285714,30.875,1.6875,1,3,11,118.0,127.85714285714286,0.16071428571428573
2016-03-16,115,18,63.0995652173913,29.2,1.608695652173913,2,3,11,143.0,123.85714285714286,0.1565217391304348
2016-03-17,188,54,69.04191489361702,39.420212765957444,1.8404255319148937,3,3,11,108.0,135.28571428571428,0.2872340425531915
2016-03-18,199,87,81.63381909547738,63.78894472361809,1.92964824120603,4,3,11,182.0,137.71428571428572,0.4371859296482412
2016-03-19,213,88,76.30492957746479,94.27699530516432,2.07981220657277,5,3,11,130.0,149.57142857142858,0.4131455399061033
2016-03-20,244,109,81.64020491803278,64.68852459016394,1.8360655737704918,6,3,11,103.0,169.71428571428572,0.44672131147540983
2016-03-21,183,59,73.45469945355191,97.64480874316939,2.0546448087431695,0,3,12,117.0,179.14285714285714,0.3224043715846995
2016-03-22,157,67,89.95369426751591,88.89808917197452,1.9235668789808917,1,3,12,112.0,185.57142857142858,0.4267515923566879
2016-03-23,128,34,92.711953125,43.71875,2.1015625,2,3,12,115.0,187.42857142857142,0.265625
2016-03-24,295,111,95.53640677966102,79.72542372881355,2.2203389830508473,3,3,12,188.0,202.71428571428572,0.376271186440678
2016-03-25,227,123,130.22550660792953,88.51982378854626,2.2158590308370045,4,3,12,199.0,206.71428571428572,0.5418502202643172
2016-03-26,107,48,108.44009345794393,46.532710280373834,2.205607476635514,5,3,12,213.0,191.57142857142858,0.4485981308411215
2016-03-27,105,27,85.58438095238095,57.67619047619048,2.1809523809523808,6,3,12,244.0,171.71428571428572,0.2571428571428571
2016-03-28,169,41,80.6621301775148,51.094674556213015,2.1301775147928996,0,3,13,183.0,169.71428571428572,0.24260355029585798
2016-03-29,119,21,77.20789915966387,42.9327731092437,1.9915966386554622,1,3,13,157.0,164.28571428571428,0.17647058823529413
2016-03-30,166,67,78.5021686746988,75.39759036144578,1.8674698795180722,2,3,13,128.0,169.71428571428572,0.4036144578313253
2016-03-31,238,75,76.37638655462186,121.88235294117646,1.9075630252100841,3,3,13,295.0,161.57142857142858,0.31512605042016806
2016-04-01,104,27,90.80548076923077,53.72115384615385,2.0288461538461537,4,4,13,227.0,144.0,0.25961538461538464
2016-04-02,102,33,90.99421568627452,59.490196078431374,2.0392156862745097,5,4,13,107.0,143.28571428571428,0.3235294117647059
2016-04-03,100,32,88.7516,56.13,2.05,6,4,13,105.0,142.57142857142858,0.32
2016-04-04,211,60,80.21853080568721,80.88625592417061,1.7962085308056872,0,4,14,169.0,148.57142857142858,0.2843601895734597
2016-04-05,115,29,82.3435652173913,50.095652173913045,1.7478260869565216,1,4,14,119.0,148.0,0.25217391304347825
2016-04-06,237,89,86.01556962025316,62.573839662447256,1.8734177215189873,2,4,14,166.0,158.14285714285714,0.3755274261603376
2016-04-07,196,78,79.22744897959184,83.79591836734694,1.9183673469387754,3,4,14,238.0,152.14285714285714,0.3979591836734694
2016-04-08,181,53,84.4681767955801,69.70165745856353,1.9944751381215469,4,4,14,104.0,163.14285714285714,0.292817679558011
2016-04-09,229,79,78.3617903930131,101.6943231441048,1.9039301310043668,5,4,14,102.0,181.28571428571428,0.34497816593886466
2016-04-10,126,43,89.00619047619048,89.93650793650794,1.8888888888888888,6,4,14,100.0,185.0,0.3412698412698413
2016-04-11,188,61,88.49882978723403,63.73936170212766,1.9361702127659575,0,4,15,211.0,181.71428571428572,0.324468085106383
2016-04-12,158,65,88.77455696202531,76.67721518987342,1.8037974683544304,1,4,15,115.0,187.85714285714286,0.41139240506329117
2016-04-13,177,65,99.5680790960452,72.85310734463278,1.9661016949152543,2,4,15,237.0,179.28571428571428,0.3672316384180791
2016-04-14,203,124,85.23807881773399,101.52216748768473,1.9408866995073892,3,4,15,196.0,180.28571428571428,0.6108374384236454
2016-04-15,160,53,99.0156875,65.1625,2.00625,4,4,15,181.0,177.28571428571428,0.33125
2016-04-16,164,44,94.31353658536585,89.6951219512195,2.097560975609756,5,4,15,229.0,168.0,0.2682926829268293
2016-04-17,157,58,93.48541401273884,95.17834394904459,2.0191082802547773,6,4,15,126.0,172.42857142857142,0.36942675159235666
2016-04-18,207,44,80.79942028985506,89.28985507246377,1.7971014492753623,0,4,16,188.0,175.14285714285714,0.21256038647342995
2016-04-19,171,93,86.31485380116959,73.5672514619883,1.543859649122807,1,4,16,158.0,177.0,0.543859649122807
2016-04-20,224,76,86.78598214285715,142.75446428571428,1.8348214285714286,2,4,16,177.0,183.71428571428572,0.3392857142857143
2016-04-21,146,57,91.62835616438356,105.58219178082192,2.0205479452054793,3,4,16,203.0,175.57142857142858,0.3904109589041096
2016-04-22,263,131,92.12984790874525,109.81368821292776,2.0038022813688214,4,4,16,160.0,190.28571428571428,0.49809885931558934
2016-04-23,171,51,96.15853801169591,62.14035087719298,2.181286549707602,5,4,16,164.0,191.28571428571428,0.2982456140350877
2016-04-24,169,86,96.22994082840238,82.53254437869822,2.1301775147928996,6,4,16,157.0,193.0,0.5088757396449705
2016-04-25,149,56,89.74154362416107,70.04697986577182,2.053691275167785,0,4,17,207.0,184.71428571428572,0.37583892617449666
2016-04-26,174,40,82.09316091954022,68.44827586206897,1.8505747126436782,1,4,17,171.0,185.14285714285714,0.22988505747126436
2016-04-27,178,75,91.83629213483147,69.82584269662921,1.949438202247191,2,4,17,224.0,178.57142857142858,0.42134831460674155
2016-04-28,292,168,94.31726027397261,129.56506849315068,1.7465753424657535,3,4,17,146.0,199.42857142857142,0.5753424657534246
2016-04-29,266,127,88.64774436090225,99.43609022556392,2.0488721804511276,4,4,17,263.0,199.85714285714286,0.4774436090225564
2016-04-30,207,63,97.66144927536232,89.43478260869566,1.9661835748792271,5,4,17,171.0,205.0,0.30434782608695654
2016-05-01,90,30,101.31355555555555,74.7,2.188888888888889,6,5,17,169.0,193.71428571428572,0.3333333333333333
2016-05-02,263,82,88.77277566539925,142.30038022813687,1.9543726235741445,0,5,18,149.0,210.0,0.311787072243346
2016-05-03,93,19,93.05752688172043,73.61290322580645,1.8387096774193548,1,5,18,174.0,198.42857142857142,0.20430107526881722
2016-05-04,134,32,90.02089552238806,84.41044776119404,1.8955223880597014,2,5,18,178.0,192.14285714285714,0.23880597014925373
2016-05-05,269,123,87.46613382899628,165.28996282527882,1.9405204460966543,3,5,18,292.0,188.85714285714286,0.45724907063197023
2016-05-06,128,36,104.133984375,91.6328125,2.0390625,4,5,18,266.0,169.14285714285714,0.28125
2016-05-07,149,50,104.98348993288592,63.48993288590604,2.0805369127516777,5,5,18,207.0,160.85714285714286,0.33557046979865773
2016-05-08,148,49,92.46682432432432,72.5,1.9256756756756757,6,5,18,90.0,169.14285714285714,0.3310810810810811
2016-05-09,168,38,93.78232142857144,51.00595238095238,1.7738095238095237,0,5,19,263.0,155.57142857142858,0.2261904761904762
2016-05-10,153,51,93.73235294117647,89.45098039215686,1.6993464052287581,1,5,19,93.0,164.14285714285714,0.3333333333333333
2016-05-11,132,28,104.82537878787879,92.87121212121212,1.893939393939394,2,5,19,134.0,163.85714285714286,0.21212121212121213
2016-05-12,271,123,78.89476014760147,222.8819188191882,1.948339483394834,3,5,19,269.0,164.14285714285714,0.45387453874538747
2016-05-13,237,136,105.99586497890296,152.27426160337552,2.080168776371308,4,5,19,128.0,179.71428571428572,0.5738396624472574
2016-05-14,154,48,94.02474025974026,142.04545454545453,2.1233766233766236,5,5,19,149.0,180.42857142857142,0.3116883116883117
2016-05-15,187,55,93.20032085561496,52.27807486631016,2.0748663101604277,6,5,19,148.0,186.0,0.29411764705882354
2016-05-16,219,70,86.0254794520548,149.64383561643837,1.8630136986301369,0,5,20,168.0,193.28571428571428,0.319634703196347
2016-05-17,228,69,82.0005701754386,114.87280701754386,1.7675438596491229,1,5,20,153.0,204.0,0.3026315789473684
2016-05-18,136,51,90.8520588235294,52.24264705882353,1.6691176470588236,2,5,20,132.0,204.57142857142858,0.375
2016-05-19,264,96,91.49731060606061,136.93939393939394,1.9772727272727273,3,5,20,271.0,203.57142857142858,0.36363636363636365
2016-05-20,227,113,100.95127753303964,123.70484581497797,2.0220264317180616,4,5,20,237.0,202.14285714285714,0.4977973568281938
2016-05-21,191,69,114.99638743455498,58.05759162303665,2.0471204188481678,5,5,20,154.0,207.42857142857142,0.3612565445026178
2016-05-22,129,27,99.36798449612402,84.82170542635659,2.0310077519379846,6,5,20,187.0,199.14285714285714,0.20930232558139536
2016-05-23,134,34,100.69380597014924,65.47014925373135,1.5970149253731343,0,5,21,219.0,187.0,0.2537313432835821
2016-05-24,221,128,113.45968325791856,118.68778280542986,1.4389140271493213,1,5,21,228.0,186.0,0.579185520361991
2016-05-25,109,20,97.3051376146789,101.58715596330275,1.9908256880733946,2,5,21,136.0,182.14285714285714,0.1834862385321101
2016-05-26,276,63,100.89833333333333,242.22826086956522,1.9057971014492754,3,5,21,264.0,183.85714285714286,0.22826086956521738
2016-05-27,96,44,107.98364583333334,76.95833333333333,2.0729166666666665,4,5,21,227.0,165.14285714285714,0.4583333333333333
2016-05-28,95,35,105.68189473684211,116.97894736842105,1.9789473684210526,5,5,21,191.0,151.42857142857142,0.3684210526315789
2016-05-29,185,54,98.68913513513515,81.51351351351352,2.0,6,5,21,129.0,159.42857142857142,0.2918918918918919
2016-05-30,189,53,98.51465608465608,60.77248677248677,1.6984126984126984,0,5,22,134.0,167.28571428571428,0.2804232804232804
2016-05-31,200,89,101.06120000000001,81.2,1.685,1,5,22,221.0,164.28571428571428,0.445
2016-06-01,133,45,103.92323308270677,92.64661654135338,1.9699248120300752,2,6,22,109.0,167.71428571428572,0.3383458646616541
2016-06-02,266,126,104.99221804511278,118.06390977443608,1.9924812030075187,3,6,22,276.0,166.28571428571428,0.47368421052631576
2016-06-03,192,75,108.00848958333334,127.11979166666667,2.0885416666666665,4,6,22,96.0,180.0,0.390625
2016-06-04,151,55,92.70913907284768,153.90066225165563,2.052980132450331,5,6,22,95.0,188.0,0.36423841059602646
2016-06-05,107,44,94.69990654205607,117.80373831775701,1.8317757009345794,6,6,22,185.0,176.85714285714286,0.411214953271028
2016-06-06,230,30,106.47560869565217,151.09130434782608,1.617391304347826,0,6,23,189.0,182.71428571428572,0.13043478260869565
2016-06-07,146,81,117.00383561643837,127.6917808219178,1.8356164383561644,1,6,23,200.0,175.0,0.5547945205479452
2016-06-08,200,117,113.6955,52.1,1.93,2,6,23,133.0,184.57142857142858,0.585
2016-06-09,223,112,105.57372197309417,144.70403587443946,2.0403587443946187,3,6,23,266.0,178.42857142857142,0.5022421524663677
2016-06-10,196,60,114.65979591836735,91.58163265306122,2.066326530612245,4,6,23,192.0,179.0,0.30612244897959184
2016-06-11,101,20,109.29277227722773,126.42574257425743,2.089108910891089,5,6,23,151.0,171.85714285714286,0.19801980198019803
2016-06-12,224,130,118.24325892857144,88.74553571428571,1.8258928571428572,6,6,23,107.0,188.57142857142858,0.5803571428571429
2016-06-13,130,31,104.29853846153846,75.02307692307693,1.9307692307692308,0,6,24,230.0,174.28571428571428,0.23846153846153847
2016-06-14,229,143,110.47999999999999,73.5414847161572,1.445414847161572,1,6,24,146.0,186.14285714285714,0.6244541484716157
2016-06-15,284,150,117.38943661971831,181.45774647887325,1.517605633802817,2,6,24,200.0,198.14285714285714,0.528169014084507
2016-06-16,149,60,107.55510067114093,145.11409395973155,2.0939597315436242,3,6,24,223.0,187.57142857142858,0.40268456375838924
2016-06-17,321,178,105.84523364485982,163.0809968847352,1.9937694704049844,4,6,24,196.0,205.42857142857142,0.5545171339563862
2016-06-18,131,44,109.00809160305343,95.2442748091603,2.122137404580153,5,6,24,101.0,209.71428571428572,0.33587786259541985
2016-06-19,122,32,111.4122950819672,80.12295081967213,2.0163934426229506,6,6,24,224.0,195.14285714285714,0.26229508196721313
2016-06-20,205,83,103.68185365853658,95.47804878048781,1.921951219512195,0,6,25,130.0,205.85714285714286,0.40487804878048783
2016-06-21,132,33,96.60128787878789,99.71212121212122,1.9393939393939394,1,6,25,229.0,192.0,0.25
2016-06-22,116,22,99.3258620689655,119.84482758620689,1.7413793103448276,2,6,25,284.0,168.0,0.1896551724137931
2016-06-23,131,59,86.40854961832062,155.70229007633588,2.030534351145038,3,6,25,149.0,165.42857142857142,0.45038167938931295
2016-06-24,273,53,94.89150183150184,189.5201465201465,1.5714285714285714,4,6,25,321.0,158.57142857142858,0.19413919413919414
2016-06-25,79,27,125.00164556962024,102.32911392405063,2.2278481012658227,5,6,25,131.0,151.14285714285714,0.34177215189873417
2016-06-26,226,60,107.58327433628318,84.37610619469027,2.079646017699115,6,6,25,122.0,166.0,0.26548672566371684
2016-06-27,184,84,111.48804347826086,90.83152173913044,1.9456521739130435,0,6,26,205.0,163.0,0.45652173913043476
2016-06-28,133,38,108.44511278195489,106.10526315789474,2.112781954887218,1,6,26,132.0,163.14285714285714,0.2857142857142857
2016-06-29,93,26,113.09774193548387,79.10752688172043,2.064516129032258,2,6,26,116.0,159.85714285714286,0.27956989247311825
2016-06-30,183,78,104.82868852459018,135.96174863387978,2.092896174863388,3,6,26,131.0,167.28571428571428,0.4262295081967213
2016-07-01,173,81,107.52242774566474,109.7514450867052,2.179190751445087,4,7,26,273.0,153.0,0.4682080924855491
2016-07-02,134,51,114.69022388059702,116.31343283582089,2.291044776119403,5,7,26,79.0,160.85714285714286,0.3805970149253731
2016-07-03,117,32,118.49726495726496,99.98290598290598,2.1965811965811968,6,7,26,226.0,145.28571428571428,0.27350427350427353
2016-07-04,148,42,118.59594594594596,121.92567567567568,2.195945945945946,0,7,27,184.0,140.14285714285714,0.28378378378378377
2016-07-05,108,17,117.35101851851852,100.16666666666667,2.1203703703703702,1,7,27,133.0,136.57142857142858,0.1574074074074074
2016-07-06,177,82,116.17677966101695,139.91525423728814,1.8022598870056497,2,7,27,93.0,148.57142857142858,0.4632768361581921
2016-07-07,170,86,111.98711764705884,151.9294117647059,2.088235294117647,3,7,27,183.0,146.71428571428572,0.5058823529411764
2016-07-08,145,51,132.9924827586207,84.86206896551724,2.2620689655172415,4,7,27,173.0,142.71428571428572,0.35172413793103446
2016-07-09,141,43,120.86070921985817,117.87234042553192,2.297872340425532,5,7,27,134.0,143.71428571428572,0.3049645390070922
2016-07-10,106,17,120.00471698113208,110.31132075471699,2.2641509433962264,6,7,27,117.0,142.14285714285714,0.16037735849056603
2016-07-11,173,63,119.9000578034682,98.38150289017341,2.179190751445087,0,7,28,148.0,145.71428571428572,0.36416184971098264
2016-07-12,127,36,117.59834645669291,123.11023622047244,2.125984251968504,1,7,28,108.0,148.42857142857142,0.28346456692913385
2016-07-13,118,27,125.82576271186441,103.64406779661017,2.3220338983050848,2,7,28,177.0,140.0,0.2288135593220339
2016-07-14,160,71,121.7628125,150.3,2.325,3,7,28,170.0,138.57142857142858,0.44375
2016-07-15,141,48,135.76744680851064,107.02836879432624,2.3333333333333335,4,7,28,145.0,138.0,0.3404255319148936
2016-07-16,176,67,136.92443181818183,117.39772727272727,2.2670454545454546,5,7,28,141.0,143.0,0.3806818181818182
2016-07-17,126,38,142.87857142857143,107.15873015873017,2.3015873015873014,6,7,28,106.0,145.85714285714286,0.30158730158730157
2016-07-18,184,55,132.84217391304347,98.82608695652173,2.233695652173913,0,7,29,173.0,147.42857142857142,0.29891304347826086
2016-07-19,105,27,133.39438095238094,75.42857142857143,2.1333333333333333,1,7,29,127.0,144.28571428571428,0.2571428571428571
2016-07-20,149,58,111.90771812080537,127.11409395973155,2.0805369127516777,2,7,29,118.0,148.71428571428572,0.38926174496644295
2016-07-21,216,62,119.64699074074075,197.44907407407408,2.115740740740741,3,7,29,160.0,156.71428571428572,0.28703703703703703
2016-07-22,127,42,121.90968503937009,134.0,2.220472440944882,4,7,29,141.0,154.71428571428572,0.33070866141732286
2016-07-23,197,58,138.1207614213198,106.06091370558376,2.401015228426396,5,7,29,176.0,157.71428571428572,0.29441624365482233
2016-07-24,130,38,130.22815384615384,107.64615384615385,2.3076923076923075,6,7,29,126.0,158.28571428571428,0.2923076923076923
2016-07-25,173,58,132.614161849711,115.9364161849711,2.2369942196531793,0,7,30,184.0,156.71428571428572,0.3352601156069364
2016-07-26,113,30,136.62867256637168,84.03539823008849,2.274336283185841,1,7,30,105.0,157.85714285714286,0.26548672566371684
2016-07-27,143,60,125.16398601398602,150.25174825174824,2.265734265734266,2,7,30,149.0,157.0,0.4195804195804196
2016-07-28,153,55,121.15385620915033,167.6078431372549,2.241830065359477,3,7,30,216.0,148.0,0.35947712418300654
2016-07-29,107,20,149.32065420560747,85.40186915887851,2.2990654205607477,4,7,30,127.0,145.14285714285714,0.18691588785046728
2016-07-30,209,48,133.62459330143543,178.04784688995215,2.15311004784689,5,7,30,197.0,146.85714285714286,0.22966507177033493
2016-07-31,114,31,143.58298245614034,128.8684210526316,2.324561403508772,6,7,30,130.0,144.57142857142858,0.2719298245614035
2016-08-01,214,70,142.33593457943925,121.54205607476635,2.3738317757009346,0,8,31,173.0,150.42857142857142,0.32710280373831774
2016-08-02,137,43,146.1353284671533,115.38686131386861,2.3503649635036497,1,8,31,113.0,153.85714285714286,0.31386861313868614
2016-08-03,143,41,135.20783216783218,114.74125874125875,2.265734265734266,2,8,31,143.0,153.85714285714286,0.2867132867132867
2016-08-04,175,71,133.63017142857143,157.18857142857144,2.32,3,8,31,153.0,157.0,0.4057142857142857
2016-08-05,156,67,143.7147435897436,135.30769230769232,2.3333333333333335,4,8,31,107.0,164.0,0.42948717948717946
2016-08-06,158,58,152.2759493670886,109.74683544303798,2.3797468354430378,5,8,31,209.0,156.71428571428572,0.3670886075949367
2016-08-07,137,44,157.6538686131387,99.01459854014598,2.4525547445255476,6,8,31,114.0,160.0,0.32116788321167883
2016-08-08,210,68,150.62009523809525,121.46190476190476,2.4,0,8,32,214.0,159.42857142857142,0.3238095238095238
2016-08-09,122,36,140.73196721311476,134.89344262295083,2.2540983606557377,1,8,32,137.0,157.28571428571428,0.29508196721311475
2016-08-10,139,63,145.7929496402878,155.98561151079136,2.237410071942446,2,8,32,143.0,156.71428571428572,0.45323741007194246
2016-08-11,192,95,129.71098958333332,178.38020833333334,2.1979166666666665,3,8,32,175.0,159.14285714285714,0.4947916666666667
2016-08-12,172,53,147.53546511627906,136.12790697674419,2.2093023255813953,4,8,32,156.0,161.42857142857142,0.3081395348837209
2016-08-13,213,99,158.72835680751174,115.90140845070422,2.4178403755868545,5,8,32,158.0,169.28571428571428,0.4647887323943662
2016-08-14,138,43,159.61942028985507,101.3840579710145,2.398550724637681,6,8,32,137.0,169.42857142857142,0.3115942028985507
2016-08-15,177,65,157.5645197740113,111.82485875706215,2.3163841807909606,0,8,33,210.0,164.71428571428572,0.3672316384180791
2016-08-16,158,54,162.9129746835443,100.98101265822785,2.411392405063291,1,8,33,122.0,169.85714285714286,0.34177215189873417
2016-08-17,146,55,152.88246575342467,85.43835616438356,2.3219178082191783,2,8,33,139.0,170.85714285714286,0.3767123287671233
2016-08-18,232,89,132.36379310344827,211.67672413793105,2.043103448275862,3,8,33,192.0,176.57142857142858,0.38362068965517243
2016-08-19,165,73,149.2388484848485,133.8181818181818,2.3696969696969696,4,8,33,172.0,175.57142857142858,0.44242424242424244
2016-08-20,198,61,149.02727272727273,98.04545454545455,2.3181818181818183,5,8,33,213.0,173.42857142857142,0.30808080808080807
2016-08-21,153,42,138.8186928104575,107.47712418300654,2.3137254901960786,6,8,33,138.0,175.57142857142858,0.27450980392156865
2016-08-22,187,68,154.844064171123,97.16577540106952,2.4010695187165774,0,8,34,177.0,177.0,0.36363636363636365
2016-08-23,116,39,144.81534482758622,100.62068965517241,2.3017241379310347,1,8,34,158.0,171.0,0.33620689655172414
2016-08-24,150,57,140.7456,96.68666666666667,2.34,2,8,34,146.0,171.57142857142858,0.38
2016-08-25,168,67,117.13738095238094,178.99404761904762,2.142857142857143,3,8,34,232.0,162.42857142857142,0.39880952380952384
2016-08-26,170,63,142.91535294117648,99.50588235294117,2.2529411764705882,4,8,34,165.0,163.14285714285714,0.37058823529411766
2016-08-27,139,58,136.9426618705036,127.15107913669065,2.2517985611510793,5,8,34,198.0,154.71428571428572,0.4172661870503597
2016-08-28,167,51,134.91257485029942,74.09580838323353,2.2574850299401197,6,8,34,153.0,156.71428571428572,0.30538922155688625
2016-08-29,164,53,123.67634146341463,102.3780487804878,2.158536585365854,0,8,35,187.0,153.42857142857142,0.3231707317073171
2016-08-30,132,45,128.5790909090909,88.43939393939394,2.234848484848485,1,8,35,116.0,155.71428571428572,0.3409090909090909
2016-08-31,127,34,118.66236220472442,97.4015748031496,2.1181102362204722,2,8,35,150.0,152.42857142857142,0.2677165354330709
2016-09-01,193,80,111.96746113989639,178.7357512953368,2.1191709844559585,3,9,35,168.0,156.0,0.41450777202072536
2016-09-02,174,67,129.11189655172416,106.48275862068965,2.0919540229885056,4,9,35,170.0,156.57142857142858,0.3850574712643678
2016-09-03,178,69,111.02522471910113,179.59550561797752,2.0786516853932584,5,9,35,139.0,162.14285714285714,0.38764044943820225
2016-09-04,132,52,123.645,110.4090909090909,2.143939393939394,6,9,35,167.0,157.14285714285714,0.3939393939393939
2016-09-05,185,52,117.8490810810811,126.56756756756756,2.108108108108108,0,9,36,164.0,160.14285714285714,0.2810810810810811
2016-09-06,99,23,125.69050505050505,131.57575757575756,2.080808080808081,1,9,36,132.0,155.42857142857142,0.23232323232323232
2016-09-07,133,75,112.59383458646616,144.86466165413535,1.7067669172932332,2,9,36,127.0,156.28571428571428,0.5639097744360902
2016-09-08,212,115,108.44103773584905,205.1509433962264,2.0141509433962264,3,9,36,193.0,159.0,0.5424528301886793
2016-09-09,221,125,121.10986425339367,139.69683257918552,1.9819004524886878,4,9,36,174.0,165.71428571428572,0.5656108597285068
2016-09-10,115,27,121.86426086956521,117.98260869565217,2.130434782608696,5,9,36,178.0,156.71428571428572,0.23478260869565218
2016-09-11,172,50,121.3693023255814,65.48837209302326,2.104651162790698,6,9,36,132.0,162.42857142857142,0.29069767441860467
2016-09-12,173,50,116.31167630057803,84.46242774566474,1.907514450867052,0,9,37,185.0,160.71428571428572,0.28901734104046245
2016-09-13,166,18,117.58686746987951,191.97590361445782,1.8373493975903614,1,9,37,99.0,170.28571428571428,0.10843373493975904
2016-09-14,128,37,113.229296875,107.296875,1.875,2,9,37,133.0,169.57142857142858,0.2890625
2016-09-15,313,139,115.96936102236423,200.0031948881789,1.9488817891373802,3,9,37,212.0,184.0,0.4440894568690096
2016-09-16,217,99,117.24967741935484,157.08294930875576,1.9861751152073732,4,9,37,221.0,183.42857142857142,0.45622119815668205
2016-09-17,120,31,120.08208333333333,156.56666666666666,1.9833333333333334,5,9,37,115.0,184.14285714285714,0.25833333333333336
2016-09-18,174,44,111.17396551724138,82.05747126436782,1.971264367816092,6,9,37,172.0,184.42857142857142,0.25287356321839083
2016-09-19,230,86,114.65982608695651,123.40434782608696,1.7956521739130435,0,9,38,173.0,192.57142857142858,0.3739130434782609
2016-09-20,208,89,112.58197115384615,141.92307692307693,2.0528846153846154,1,9,38,166.0,198.57142857142858,0.42788461538461536
2016-09-21,208,51,96.67975961538461,246.84615384615384,1.8269230769230769,2,9,38,128.0,210.0,0.24519230769230768
2016-09-22,193,78,118.2279792746114,186.1658031088083,1.9067357512953367,3,9,38,313.0,192.85714285714286,0.40414507772020725
2016-09-23,140,40,121.7625,145.77857142857144,2.142857142857143,4,9,38,217.0,181.85714285714286,0.2857142857142857
2016-09-24,122,62,132.72065573770493,107.76229508196721,2.262295081967213,5,9,38,120.0,182.14285714285714,0.5081967213114754
2016-09-25,155,33,114.96283870967743,61.94193548387097,1.9161290322580644,6,9,38,174.0,179.42857142857142,0.2129032258064516
2016-09-26,304,137,101.9525657894737,210.02302631578948,1.9144736842105263,0,9,39,230.0,190.0,0.4506578947368421
2016-09-27,122,29,119.78,71.8688524590164,1.860655737704918,1,9,39,208.0,177.71428571428572,0.23770491803278687
2016-09-28,136,36,108.06566176470588,80.59558823529412,1.7941176470588236,2,9,39,208.0,167.42857142857142,0.2647058823529412
2016-09-29,182,78,102.41862637362637,201.0989010989011,1.8736263736263736,3,9,39,193.0,165.85714285714286,0.42857142857142855
2016-09-30,286,150,113.85174825174825,186.47202797202797,1.9825174825174825,4,9,39,140.0,186.71428571428572,0.5244755244755245
2016-10-01,184,121,102.57190217391305,196.3695652173913,2.027173913043478,5,10,39,122.0,195.57142857142858,0.657608695652174
2016-10-02,150,41,103.51133333333334,72.03333333333333,1.9533333333333334,6,10,39,155.0,194.85714285714286,0.2733333333333333
2016-10-03,199,68,106.32778894472362,91.09547738693468,1.9396984924623115,0,10,40,304.0,179.85714285714286,0.3417085427135678
2016-10-04,156,59,106.02051282051282,139.94230769230768,1.9294871794871795,1,10,40,122.0,184.71428571428572,0.3782051282051282
2016-10-05,189,82,106.5047619047619,97.04232804232804,1.9894179894179893,2,10,40,136.0,192.28571428571428,0.43386243386243384
2016-10-06,288,115,84.60131944444444,223.13194444444446,1.90625,3,10,40,182.0,207.42857142857142,0.3993055555555556
2016-10-07,184,71,116.63652173913043,158.19565217391303,2.1684782608695654,4,10,40,286.0,192.85714285714286,0.3858695652173913
2016-10-08,129,61,97.91558139534884,176.51937984496124,2.046511627906977,5,10,40,184.0,185.0,0.4728682170542636
2016-10-09,214,74,83.50546728971962,111.20560747663552,1.9065420560747663,6,10,40,150.0,194.14285714285714,0.34579439252336447
2016-10-10,213,68,105.97103286384977,84.44131455399061,1.5492957746478873,0,10,41,199.0,196.14285714285714,0.3192488262910798
2016-10-11,182,52,99.52131868131869,112.47252747252747,1.5164835164835164,1,10,41,156.0,199.85714285714286,0.2857142857142857
2016-10-12,255,108,90.23603921568628,228.30196078431374,1.8352941176470587,2,10,41,189.0,209.28571428571428,0.4235294117647059
2016-10-13,344,200,100.69526162790697,123.63372093023256,1.6046511627906976,3,10,41,288.0,217.28571428571428,0.5813953488372093
2016-10-14,194,49,103.57520618556701,255.88144329896906,1.731958762886598,4,10,41,184.0,218.71428571428572,0.25257731958762886
2016-10-15,130,74,112.58992307692309,96.35384615384615,2.023076923076923,5,10,41,129.0,218.85714285714286,0.5692307692307692
2016-10-16,281,134,91.92711743772242,150.03202846975088,1.9572953736654803,6,10,41,214.0,228.42857142857142,0.47686832740213525
2016-10-17,209,102,98.14818181818183,169.99521531100478,1.9330143540669857,0,10,42,213.0,227.85714285714286,0.4880382775119617
2016-10-18,136,41,86.32485294117647,70.47058823529412,1.875,1,10,42,182.0,221.28571428571428,0.3014705882352941
2016-10-19,125,38,93.3092,86.248,1.88,2,10,42,255.0,202.71428571428572,0.304
2016-10-20,247,95,82.0708097165992,220.95951417004048,2.0080971659919027,3,10,42,344.0,188.85714285714286,0.38461538461538464
2016-10-21,247,143,100.55085020242916,175.87044534412956,2.165991902834008,4,10,42,194.0,196.42857142857142,0.5789473684210527
2016-10-22,175,102,98.44314285714286,131.0742857142857,2.217142857142857,5,10,42,130.0,202.85714285714286,0.5828571428571429
2016-10-23,192,25,89.43864583333334,213.30729166666666,1.8958333333333333,6,10,42,281.0,190.14285714285714,0.13020833333333334
2016-10-24,136,36,84.83713235294118,79.04411764705883,2.036764705882353,0,10,43,209.0,179.71428571428572,0.2647058823529412
2016-10-25,155,28,91.73987096774194,58.58064516129032,1.896774193548387,1,10,43,136.0,182.42857142857142,0.18064516129032257
2016-10-26,156,50,88.65314102564102,61.36538461538461,1.8269230769230769,2,10,43,125.0,186.85714285714286,0.32051282051282054
2016-10-27,194,99,81.05649484536082,153.35051546391753,1.9278350515463918,3,10,43,247.0,179.28571428571428,0.5103092783505154
2016-10-28,332,183,94.2244578313253,156.59939759036143,2.066265060240964,4,10,43,247.0,191.42857142857142,0.5512048192771084
2016-10-29,239,81,88.72966527196652,82.68200836820084,2.1255230125523012,5,10,43,175.0,200.57142857142858,0.3389121338912134
2016-10-30,214,84,88.14411214953272,74.41121495327103,1.9439252336448598,6,10,43,192.0,203.71428571428572,0.3925233644859813
2016-10-31,147,30,84.61904761904762,74.72789115646259,2.1700680272108843,0,10,44,136.0,205.28571428571428,0.20408163265306123
2016-11-01,211,129,91.24469194312796,127.02369668246446,1.5924170616113744,1,11,44,155.0,213.28571428571428,0.6113744075829384
2016-11-02,143,29,82.87860139860139,46.01398601398601,1.7902097902097902,2,11,44,156.0,211.42857142857142,0.20279720279720279
2016-11-03,229,138,77.83650655021835,195.6113537117904,1.925764192139738,3,11,44,194.0,216.42857142857142,0.6026200873362445
2016-11-04,237,129,87.00966244725738,150.54852320675104,1.9451476793248945,4,11,44,332.0,202.85714285714286,0.5443037974683544
2016-11-05,214,110,82.23985981308412,63.10747663551402,1.7757009345794392,5,11,44,239.0,199.28571428571428,0.514018691588785
2016-11-06,122,30,112.60950819672132,63.295081967213115,1.5491803278688525,6,11,44,214.0,186.14285714285714,0.2459016393442623
2016-11-07,365,235,106.74109589041096,206.32602739726028,1.7753424657534247,0,11,45,147.0,217.28571428571428,0.6438356164383562
2016-11-08,87,13,85.4435632183908,36.93103448275862,1.5862068965517242,1,11,45,211.0,199.57142857142858,0.14942528735632185
2016-11-09,75,13,84.6188,38.64,1.7333333333333334,2,11,45,143.0,189.85714285714286,0.17333333333333334
2016-11-10,147,45,85.70748299319727,97.21088435374149,1.9047619047619047,3,11,45,229.0,178.14285714285714,0.30612244897959184
2016-11-11,208,66,82.44057692307692,75.16346153846153,1.9615384615384615,4,11,45,237.0,174.0,0.3173076923076923
2016-11-12,146,52,72.04178082191781,66.13698630136986,2.0,5,11,45,214.0,164.28571428571428,0.3561643835616438
2016-11-13,126,27,75.87555555555555,55.22222222222222,1.8333333333333333,6,11,45,122.0,164.85714285714286,0.21428571428571427
2016-11-14,142,25,73.18654929577464,36.49295774647887,1.7464788732394365,0,11,46,365.0,133.0,0.176056338028169
2016-11-15,95,14,64.78084210526316,35.97894736842105,1.568421052631579,1,11,46,87.0,134.14285714285714,0.14736842105263157
2016-11-16,130,36,76.34815384615385,47.41538461538462,1.7307692307692308,2,11,46,75.0,142.0,0.27692307692307694
2016-11-17,158,58,71.47462025316456,94.75949367088607,1.9113924050632911,3,11,46,147.0,143.57142857142858,0.3670886075949367
2016-11-18,205,73,76.48882926829268,77.05365853658536,1.9609756097560975,4,11,46,208.0,143.14285714285714,0.35609756097560974
2016-11-19,138,38,76.4336231884058,46.08695652173913,1.9565217391304348,5,11,46,146.0,142.0,0.2753623188405797
2016-11-20,93,35,76.53688172043012,74.6236559139785,1.7204301075268817,6,11,46,126.0,137.28571428571428,0.3763440860215054
2016-11-21,182,33,74.90225274725275,131.5164835164835,1.4725274725274726,0,11,47,142.0,143.0,0.1813186813186813
2016-11-22,76,21,75.50421052631579,37.3421052631579,1.8157894736842106,1,11,47,95.0,140.28571428571428,0.27631578947368424
2016-11-23,104,23,71.39586538461539,67.20192307692308,1.5769230769230769,2,11,47,130.0,136.57142857142858,0.22115384615384615
2016-11-24,118,39,69.55406779661017,120.88983050847457,1.8220338983050848,3,11,47,158.0,130.85714285714286,0.3305084745762712
2016-11-25,191,66,78.00664921465969,80.40314136125654,2.0418848167539267,4,11,47,205.0,128.85714285714286,0.34554973821989526
2016-11-26,117,36,68.32649572649572,63.376068376068375,2.111111111111111,5,11,47,138.0,125.85714285714286,0.3076923076923077
2016-11-27,81,33,75.52185185185186,38.666666666666664,1.8641975308641976,6,11,47,93.0,124.14285714285714,0.4074074074074074
2016-11-28,118,32,67.19084745762713,36.02542372881356,1.5338983050847457,0,11,48,182.0,115.0,0.2711864406779661
2016-11-29,109,37,70.70266055045872,41.477064220183486,1.6697247706422018,1,11,48,76.0,119.71428571428571,0.3394495412844037
2016-11-30,67,19,72.56462686567164,41.149253731343286,1.835820895522388,2,11,48,104.0,114.42857142857143,0.2835820895522388
2016-12-01,174,98,74.6301724137931,209.28735632183907,1.7701149425287357,3,12,48,118.0,122.42857142857143,0.5632183908045977
2016-12-02,199,80,76.36964824120602,76.678391959799,2.0653266331658293,4,12,48,191.0,123.57142857142857,0.4020100502512563
2016-12-03,188,70,83.24755319148936,82.90957446808511,2.0691489361702127,5,12,48,117.0,133.71428571428572,0.3723404255319149
2016-12-04,87,31,83.50252873563218,53.04597701149425,2.0344827586206895,6,12,48,81.0,134.57142857142858,0.3563218390804598
2016-12-05,141,31,78.01113475177304,36.141843971631204,1.7801418439716312,0,12,49,118.0,137.85714285714286,0.2198581560283688
2016-12-06,91,37,78.9489010989011,52.65934065934066,1.978021978021978,1,12,49,109.0,135.28571428571428,0.4065934065934066
2016-12-07,118,47,83.47796610169492,64.91525423728814,2.0084745762711864,2,12,49,67.0,142.57142857142858,0.3983050847457627
2016-12-08,240,86,82.83879166666667,94.01666666666667,2.075,3,12,49,174.0,152.0,0.35833333333333334
2016-12-09,116,47,73.94155172413792,103.88793103448276,1.956896551724138,4,12,49,199.0,140.14285714285714,0.4051724137931034
2016-12-10,99,28,78.89878787878787,40.84848484848485,2.1717171717171717,5,12,49,188.0,127.42857142857143,0.2828282828282828
2016-12-11,39,8,73.32153846153847,34.333333333333336,2.0256410256410255,6,12,49,87.0,120.57142857142857,0.20512820512820512
2016-12-12,78,23,66.315,29.67948717948718,1.5769230769230769,0,12,50,141.0,111.57142857142857,0.2948717948717949
2016-12-13,77,12,65.0148051948052,39.44155844155844,1.5974025974025974,1,12,50,91.0,109.57142857142857,0.15584415584415584
2016-12-14,77,11,59.917142857142856,19.07792207792208,1.4155844155844155,2,12,50,118.0,103.71428571428571,0.14285714285714285
2016-12-15,94,44,65.1681914893617,137.7340425531915,1.7659574468085106,3,12,50,240.0,82.85714285714286,0.46808510638297873
2016-12-16,142,61,72.63218309859155,60.33802816901409,1.8732394366197183,4,12,50,116.0,86.57142857142857,0.4295774647887324
2016-12-17,111,29,70.24054054054054,48.666666666666664,1.936936936936937,5,12,50,99.0,88.28571428571429,0.26126126126126126
2016-12-18,62,11,82.01451612903226,49.806451612903224,2.064516129032258,6,12,50,39.0,91.57142857142857,0.1774193548387097
2016-12-19,99,27,73.68979797979797,42.81818181818182,1.8282828282828283,0,12,51,78.0,94.57142857142857,0.2727272727272727
2016-12-20,77,25,73.88974025974026,69.16883116883118,1.896103896103896,1,12,51,77.0,94.57142857142857,0.3246753246753247
2016-12-21,87,26,80.61862068965517,72.04597701149426,1.9655172413793103,2,12,51,77.0,96.0,0.2988505747126437
2016-12-22,125,56,76.39703999999999,153.976,1.96,3,12,51,94.0,100.42857142857143,0.448
2016-12-23,127,49,82.17850393700787,100.4251968503937,2.236220472440945,4,12,51,142.0,98.28571428571429,0.3858267716535433
2016-12-24,124,38,86.16943548387097,92.33870967741936,2.064516129032258,5,12,51,111.0,100.14285714285714,0.3064516129032258
2016-12-25,72,18,91.93847222222222,94.09722222222223,2.361111111111111,6,12,51,62.0,101.57142857142857,0.25
2016-12-26,164,93,92.60189024390245,131.1890243902439,2.274390243902439,0,12,52,99.0,110.85714285714286,0.5670731707317073
2016-12-27,213,61,81.25845070422535,78.09859154929578,2.1502347417840375,1,12,52,77.0,130.28571428571428,0.2863849765258216
2016-12-28,149,64,105.25335570469798,96.96644295302013,2.12751677852349,2,12,52,87.0,139.14285714285714,0.42953020134228187
2016-12-29,163,68,101.36950920245398,174.46625766871165,2.042944785276074,3,12,52,125.0,144.57142857142858,0.4171779141104294
2016-12-30,237,89,158.00759493670887,101.66244725738396,2.189873417721519,4,12,52,127.0,160.28571428571428,0.3755274261603376
2016-12-31,76,27,151.6525,103.64473684210526,2.25,5,12,52,124.0,153.42857142857142,0.35526315789473684
2017-01-01,127,49,83.09858267716535,60.62204724409449,2.125984251968504,6,1,52,72.0,161.28571428571428,0.3858267716535433
2017-01-02,179,61,86.4945810055866,77.75977653631286,2.11731843575419,0,1,1,164.0,163.42857142857142,0.3407821229050279
2017-01-03,123,43,85.89845528455285,50.40650406504065,2.0813008130081303,1,1,1,213.0,150.57142857142858,0.34959349593495936
2017-01-04,96,32,71.345625,35.708333333333336,1.9270833333333333,2,1,1,149.0,143.0,0.3333333333333333
2017-01-05,98,38,75.24275510204082,125.83673469387755,1.969387755102041,3,1,1,163.0,133.71428571428572,0.3877551020408163
2017-01-06,112,39,79.03482142857142,46.660714285714285,2.1517857142857144,4,1,1,237.0,115.85714285714286,0.3482142857142857
2017-01-07,83,16,77.70698795180724,37.204819277108435,2.0602409638554215,5,1,1,76.0,116.85714285714286,0.1927710843373494
2017-01-08,110,50,70.68390909090908,70.10909090909091,1.5909090909090908,6,1,1,127.0,114.42857142857143,0.45454545454545453
2017-01-09,76,15,66.1203947368421,78.64473684210526,1.763157894736842,0,1,2,179.0,99.71428571428571,0.19736842105263158
2017-01-10,99,15,64.2749494949495,22.292929292929294,1.6464646464646464,1,1,2,123.0,96.28571428571429,0.15151515151515152
2017-01-11,61,15,68.76459016393443,23.278688524590162,1.7049180327868851,2,1,2,96.0,91.28571428571429,0.2459016393442623
2017-01-12,138,47,68.54057971014493,104.26086956521739,1.7318840579710144,3,1,2,98.0,97.0,0.34057971014492755
2017-01-13,92,33,81.77478260869565,70.83695652173913,2.0869565217391304,4,1,2,112.0,94.14285714285714,0.358695652173913
2017-01-14,243,145,78.28995884773663,34.95473251028807,1.5925925925925926,5,1,2,83.0,117.0,0.5967078189300411
2017-01-15,66,19,77.92954545454546,48.81818181818182,1.9090909090909092,6,1,2,110.0,110.71428571428571,0.2878787878787879
2017-01-16,193,39,65.69891191709844,49.1139896373057,1.3523316062176165,0,1,3,76.0,127.42857142857143,0.20207253886010362
2017-01-17,69,10,61.998405797101455,25.855072463768117,1.5072463768115942,1,1,3,99.0,123.14285714285714,0.14492753623188406
2017-01-18,219,85,73.51570776255708,36.21461187214612,1.4931506849315068,2,1,3,61.0,145.71428571428572,0.3881278538812785
2017-01-19,123,35,72.29487804878049,104.54471544715447,1.9268292682926829,3,1,3,138.0,143.57142857142858,0.2845528455284553
2017-01-20,84,31,83.72119047619047,53.726190476190474,2.0714285714285716,4,1,3,92.0,142.42857142857142,0.36904761904761907
2017-01-21,115,37,75.02869565217391,54.608695652173914,2.1043478260869564,5,1,3,243.0,124.14285714285714,0.3217391304347826
2017-01-22,89,20,75.62831460674157,38.42696629213483,1.7865168539325842,6,1,3,66.0,127.42857142857143,0.2247191011235955
2017-01-23,172,104,76.99232558139535,42.81976744186046,1.8953488372093024,0,1,4,193.0,124.42857142857143,0.6046511627906976
2017-01-24,87,21,70.6148275862069,28.28735632183908,1.6091954022988506,1,1,4,69.0,127.0,0.2413793103448276
2017-01-25,189,98,75.58708994708994,45.074074074074076,1.6984126984126984,2,1,4,219.0,122.71428571428571,0.5185185185185185
2017-01-26,114,32,63.41368421052631,117.35087719298245,1.8245614035087718,3,1,4,123.0,121.42857142857143,0.2807017543859649
2017-01-27,150,33,67.83386666666667,34.36,1.9266666666666667,4,1,4,84.0,130.85714285714286,0.22
2017-01-28,111,35,71.2808108108108,38.45945945945946,2.171171171171171,5,1,4,115.0,130.28571428571428,0.3153153153153153
2017-01-29,71,15,69.22873239436619,25.985915492957748,1.9577464788732395,6,1,4,89.0,127.71428571428571,0.2112676056338028
2017-01-30,110,26,69.14127272727272,22.9,1.7545454545454546,0,1,5,172.0,118.85714285714286,0.23636363636363636
2017-01-31,74,11,68.39554054054055,23.5,1.527027027027027,1,1,5,87.0,117.0,0.14864864864864866
2017-02-01,153,96,63.80653594771242,42.04575163398693,1.7973856209150327,2,2,5,189.0,111.85714285714286,0.6274509803921569
2017-02-02,132,42,73.8805303030303,108.6590909090909,1.8106060606060606,3,2,5,114.0,114.42857142857143,0.3181818181818182
2017-02-03,122,37,80.60016393442622,36.057377049180324,1.9344262295081966,4,2,5,150.0,110.42857142857143,0.30327868852459017
2017-02-04,154,35,69.1425974025974,38.714285714285715,1.9870129870129871,5,2,5,111.0,116.57142857142857,0.22727272727272727
2017-02-05,91,19,75.67879120879121,44.57142857142857,1.7692307692307692,6,2,5,71.0,119.42857142857143,0.2087912087912088
2017-02-06,108,25,75.33833333333334,35.7037037037037,1.9166666666666667,0,2,6,110.0,119.14285714285714,0.23148148148148148
2017-02-07,78,18,71.29012820512821,32.52564102564103,1.8461538461538463,1,2,6,74.0,119.71428571428571,0.23076923076923078
2017-02-08,73,9,64.26917808219177,20.36986301369863,1.7123287671232876,2,2,6,153.0,108.28571428571429,0.1232876712328767
2017-02-09,146,46,75.7304794520548,94.37671232876713,1.9863013698630136,3,2,6,132.0,110.28571428571429,0.3150684931506849
2017-02-10,187,81,78.22850267379678,64.72192513368984,2.090909090909091,4,2,6,122.0,119.57142857142857,0.43315508021390375
2017-02-11,129,41,76.85108527131784,33.57364341085271,2.147286821705426,5,2,6,154.0,116.0,0.3178294573643411
2017-02-12,200,98,82.92035,52.76,2.1,6,2,6,91.0,131.57142857142858,0.49
2017-02-13,192,46,80.97416666666668,58.385416666666664,1.9322916666666667,0,2,7,108.0,143.57142857142858,0.23958333333333334
2017-02-14,151,52,83.09973509933775,36.05960264900662,1.9536423841059603,1,2,7,78.0,154.0,0.3443708609271523
2017-02-15,146,26,81.64595890410959,60.25342465753425,1.8767123287671232,2,2,7,73.0,164.42857142857142,0.1780821917808219
2017-02-16,129,48,77.84945736434109,115.46511627906976,1.9844961240310077,3,2,7,146.0,162.0,0.37209302325581395
2017-02-17,210,83,77.447,43.628571428571426,2.0761904761904764,4,2,7,187.0,165.28571428571428,0.3952380952380952
2017-02-18,128,38,72.558359375,47.03125,2.25,5,2,7,129.0,165.14285714285714,0.296875
2017-02-19,135,34,78.18592592592593,58.34814814814815,2.051851851851852,6,2,7,200.0,155.85714285714286,0.2518518518518518
2017-02-20,174,62,77.39695402298851,34.44827586206897,1.7873563218390804,0,2,8,192.0,153.28571428571428,0.3563218390804598
2017-02-21,105,22,68.82685714285714,33.89523809523809,1.8,1,2,8,151.0,146.71428571428572,0.20952380952380953
2017-02-22,169,35,69.18497041420119,42.10650887573964,1.6153846153846154,2,2,8,146.0,150.0,0.20710059171597633
2017-02-23,170,70,76.0205294117647,99.18823529411765,1.911764705882353,3,2,8,129.0,155.85714285714286,0.4117647058823529
2017-02-24,152,54,84.3196052631579,74.01315789473684,2.085526315789474,4,2,8,210.0,147.57142857142858,0.35526315789473684
2017-02-25,316,127,80.92731012658227,86.89240506329114,1.768987341772152,5,2,8,128.0,174.42857142857142,0.40189873417721517
2017-02-26,185,47,83.66724324324325,30.42162162162162,1.972972972972973,6,2,8,135.0,181.57142857142858,0.25405405405405407
2017-02-27,131,31,86.65671755725191,40.458015267175576,2.114503816793893,0,2,9,174.0,175.42857142857142,0.2366412213740458
2017-02-28,102,36,65.77715686274509,44.46078431372549,1.9607843137254901,1,2,9,105.0,175.0,0.35294117647058826
2017-03-01,141,40,71.01312056737589,67.88652482269504,1.9148936170212767,2,3,9,169.0,171.0,0.28368794326241137
2017-03-02,335,156,75.93089552238806,70.03582089552239,1.8776119402985074,3,3,9,170.0,194.57142857142858,0.46567164179104475
2017-03-03,135,40,91.03792592592593,40.80740740740741,1.9555555555555555,4,3,9,152.0,192.14285714285714,0.2962962962962963
2017-03-04,85,28,91.67505882352941,56.34117647058824,2.1058823529411765,5,3,9,316.0,159.14285714285714,0.32941176470588235
2017-03-05,182,55,72.21538461538462,115.85164835164835,1.7912087912087913,6,3,9,185.0,158.71428571428572,0.3021978021978022
2017-03-06,156,32,78.63089743589744,62.32051282051282,1.7243589743589745,0,3,10,131.0,162.28571428571428,0.20512820512820512
2017-03-07,126,31,80.24492063492065,47.88095238095238,1.7698412698412698,1,3,10,102.0,165.71428571428572,0.24603174603174602
2017-03-08,95,26,80.81768421052632,57.67368421052632,1.7052631578947368,2,3,10,141.0,159.14285714285714,0.2736842105263158
2017-03-09,208,98,73.79100961538462,128.4903846153846,1.8942307692307692,3,3,10,335.0,141.0,0.47115384615384615
2017-03-10,175,44,88.70468571428572,75.98857142857143,2.0228571428571427,4,3,10,135.0,146.71428571428572,0.25142857142857145
2017-03-11,172,69,79.71343023255814,108.31395348837209,1.936046511627907,5,3,10,85.0,159.14285714285714,0.4011627906976744
2017-03-12,115,35,74.47295652173912,54.62608695652174,1.808695652173913,6,3,10,182.0,149.57142857142858,0.30434782608695654
2017-03-13,214,82,85.94528037383178,56.074766355140184,1.5700934579439252,0,3,11,156.0,157.85714285714286,0.38317757009345793
2017-03-14,176,67,75.60630681818182,63.45454545454545,1.625,1,3,11,126.0,165.0,0.3806818181818182
2017-03-15,220,112,81.31095454545455,71.03181818181818,1.6772727272727272,2,3,11,95.0,182.85714285714286,0.509090909090909
2017-03-16,177,57,80.99282485875706,135.91525423728814,1.8926553672316384,3,3,11,208.0,178.42857142857142,0.3220338983050847
2017-03-17,145,50,95.38186206896552,75.46206896551725,2.1862068965517243,4,3,11,175.0,174.14285714285714,0.3448275862068966
2017-03-18,121,32,89.19842975206612,69.48760330578513,2.1074380165289255,5,3,11,172.0,166.85714285714286,0.2644628099173554
2017-03-19,142,23,78.18267605633802,68.30985915492958,1.8450704225352113,6,3,11,115.0,170.71428571428572,0.1619718309859155
2017-03-20,167,32,85.45934131736526,63.365269461077844,1.718562874251497,0,3,12,214.0,164.0,0.19161676646706588
2017-03-21,153,82,82.28607843137256,74.32679738562092,1.869281045751634,1,3,12,176.0,160.71428571428572,0.5359477124183006
2017-03-22,90,28,90.61500000000001,50.977777777777774,1.8111111111111111,2,3,12,220.0,142.14285714285714,0.3111111111111111
2017-03-23,146,56,89.60061643835617,134.84246575342465,1.856164383561644,3,3,12,177.0,137.71428571428572,0.3835616438356164
2017-03-24,189,61,88.0474074074074,133.76190476190476,1.7989417989417988,4,3,12,145.0,144.0,0.32275132275132273
2017-03-25,142,50,84.34316901408451,125.70422535211267,2.091549295774648,5,3,12,121.0,147.0,0.352112676056338
2017-03-26,126,33,85.65111111111112,101.53968253968254,1.9126984126984128,6,3,12,142.0,144.71428571428572,0.2619047619047619
