arrival_date,bookings,total_stay,total_guests,revenue,cancel_rate,weekday,month,week,is_weekend,season_Spring,season_Summer,season_Winter,room_nights_lag_7,room_nights_lag_14,room_nights_lag_30,room_nights_ma_7,room_nights_ma_30
2015-07-31,68,233,144.0,30550.66,0.25,4,7,31,0,False,True,False,296.0,434.0,365.0,357.2857142857143,338.7
2015-08-01,108,578,238.0,85346.46,0.46296296296296297,5,8,31,1,False,True,False,764.0,657.0,366.0,330.7142857142857,345.76666666666665
2015-08-02,50,302,109.0,43532.36,0.14,6,8,31,1,False,True,False,273.0,281.0,219.0,334.85714285714283,348.53333333333336
2015-08-03,181,728,383.0,73278.22,0.5966850828729282,0,8,32,0,False,True,False,534.0,532.0,423.0,362.57142857142856,358.7
2015-08-04,51,236,102.0,33753.65,0.23529411764705882,1,8,32,0,False,True,False,143.0,252.0,316.0,375.85714285714283,356.03333333333336
2015-08-05,154,412,300.0,35526.39,0.4155844155844156,2,8,32,0,False,True,False,228.0,340.0,357.0,402.14285714285717,357.8666666666667
2015-08-06,75,218,146.0,24975.94,0.36,3,8,32,0,False,True,False,326.0,304.0,256.0,386.7142857142857,356.6
2015-08-07,132,402,277.0,44577.909999999996,0.4166666666666667,4,8,32,0,False,True,False,233.0,296.0,270.0,410.85714285714283,361.0
2015-08-08,205,792,421.0,83414.67,0.4878048780487805,5,8,32,1,False,True,False,578.0,764.0,242.0,441.42857142857144,379.3333333333333
2015-08-09,82,356,175.0,50915.25,0.17073170731707318,6,8,32,1,False,True,False,302.0,273.0,265.0,449.14285714285717,382.3666666666667
2015-08-10,203,726,424.0,89613.52,0.3842364532019704,0,8,33,0,False,True,False,728.0,534.0,400.0,448.85714285714283,393.23333333333335
2015-08-11,113,421,235.0,56347.19,0.24778761061946902,1,8,33,0,False,True,False,236.0,143.0,289.0,475.2857142857143,397.6333333333333
2015-08-12,133,381,261.0,38418.55,0.37593984962406013,2,8,33,0,False,True,False,412.0,228.0,326.0,470.85714285714283,399.46666666666664
2015-08-13,107,335,222.0,39521.22,0.5046728971962616,3,8,33,0,False,True,False,218.0,326.0,198.0,487.57142857142856,404.03333333333336
2015-08-14,328,781,655.0,93111.06999999999,0.6371951219512195,4,8,33,0,False,True,False,402.0,233.0,272.0,541.7142857142857,421.0
2015-08-15,188,841,394.0,96240.95,0.46808510638297873,5,8,33,1,False,True,False,792.0,578.0,365.0,548.7142857142857,436.8666666666667
2015-08-16,96,435,195.0,60246.92,0.25,6,8,33,1,False,True,False,356.0,302.0,434.0,560.0,436.9
2015-08-17,186,684,375.0,77785.34,0.43010752688172044,0,8,34,0,False,True,False,726.0,728.0,657.0,554.0,437.8
2015-08-18,93,321,198.0,42104.02,0.27956989247311825,1,8,34,0,False,True,False,421.0,236.0,281.0,539.7142857142857,439.1333333333333
2015-08-19,66,264,138.0,33269.61,0.12121212121212122,2,8,34,0,False,True,False,381.0,412.0,532.0,523.0,430.2
2015-08-20,110,369,227.0,39884.11,0.45454545454545453,3,8,34,0,False,True,False,335.0,218.0,252.0,527.8571428571429,434.1
2015-08-21,74,306,162.0,43288.21,0.17567567567567569,4,8,34,0,False,True,False,781.0,402.0,340.0,460.0,432.96666666666664
2015-08-22,139,621,301.0,82114.42,0.4244604316546763,5,8,34,1,False,True,False,841.0,792.0,304.0,428.57142857142856,443.53333333333336
2015-08-23,79,409,173.0,59238.81,0.21518987341772153,6,8,34,1,False,True,False,435.0,356.0,296.0,424.85714285714283,447.3
2015-08-24,153,459,319.0,54138.52,0.45098039215686275,0,8,35,0,False,True,False,684.0,726.0,764.0,392.7142857142857,437.1333333333333
2015-08-25,126,523,253.0,49262.54,0.46825396825396826,1,8,35,0,False,True,False,321.0,421.0,273.0,421.57142857142856,445.46666666666664
2015-08-26,121,305,241.0,28221.31,0.4049586776859504,2,8,35,0,False,True,False,264.0,381.0,534.0,427.42857142857144,437.8333333333333
2015-08-27,99,357,212.0,35514.12,0.6161616161616161,3,8,35,0,False,True,False,369.0,335.0,143.0,425.7142857142857,444.96666666666664
2015-08-28,83,312,184.0,37961.61,0.30120481927710846,4,8,35,0,False,True,False,306.0,781.0,228.0,426.57142857142856,447.76666666666665
2015-08-29,109,438,228.0,50335.1,0.1834862385321101,5,8,35,1,False,True,False,621.0,841.0,326.0,400.42857142857144,451.5
2015-08-30,101,370,203.0,41206.55,0.5148514851485149,6,8,35,1,False,True,False,409.0,435.0,233.0,394.85714285714283,456.06666666666666
2015-08-31,114,423,215.0,39016.39,0.3157894736842105,0,8,36,0,False,True,False,459.0,684.0,578.0,389.7142857142857,450.9
2015-09-01,100,530,211.0,56612.05,0.18,1,9,36,0,False,False,False,523.0,321.0,302.0,390.7142857142857,458.5
2015-09-02,127,626,257.0,33201.32,0.4330708661417323,2,9,36,0,False,False,False,305.0,264.0,728.0,436.57142857142856,455.1
2015-09-03,153,496,309.0,43933.37,0.42483660130718953,3,9,36,0,False,False,False,357.0,369.0,236.0,456.42857142857144,463.76666666666665
2015-09-04,192,557,333.0,54319.29,0.21875,4,9,36,0,False,False,False,312.0,306.0,412.0,491.42857142857144,468.6
2015-09-05,239,889,481.0,73581.84,0.602510460251046,5,9,36,1,False,False,False,438.0,621.0,218.0,555.8571428571429,490.96666666666664
2015-09-06,150,563,289.0,56935.29,0.16,6,9,36,1,False,False,False,370.0,409.0,402.0,583.4285714285714,496.3333333333333
2015-09-07,129,524,245.0,53323.99,0.31007751937984496,0,9,37,0,False,False,False,423.0,459.0,792.0,597.8571428571429,487.4
2015-09-08,104,339,201.0,32313.57,0.3269230769230769,1,9,37,0,False,False,False,530.0,523.0,356.0,570.5714285714286,486.8333333333333
2015-09-09,201,580,363.0,50372.62,0.31840796019900497,2,9,37,0,False,False,False,626.0,305.0,726.0,564.0,481.96666666666664
2015-09-10,139,520,269.0,47897.05,0.539568345323741,3,9,37,0,False,False,False,496.0,357.0,421.0,567.4285714285714,485.26666666666665
2015-09-11,210,579,360.0,50930.87,0.3761904761904762,4,9,37,0,False,False,False,557.0,312.0,381.0,570.5714285714286,491.8666666666667
2015-09-12,189,791,366.0,56637.04,0.4656084656084656,5,9,37,1,False,False,False,889.0,438.0,335.0,556.5714285714286,507.06666666666666
2015-09-13,65,364,131.0,32852.15,0.2153846153846154,6,9,37,1,False,False,False,563.0,370.0,781.0,528.1428571428571,493.1666666666667
2015-09-14,148,450,280.0,41196.97,0.24324324324324326,0,9,38,0,False,False,False,524.0,423.0,841.0,517.5714285714286,480.1333333333333
2015-09-15,119,505,209.0,39858.64,0.3277310924369748,1,9,38,0,False,False,False,339.0,530.0,435.0,541.2857142857143,482.46666666666664
2015-09-16,170,479,319.0,41354.66,0.3,2,9,38,0,False,False,False,580.0,626.0,684.0,526.8571428571429,475.6333333333333
2015-09-17,331,968,574.0,61468.06,0.5861027190332326,3,9,38,0,False,False,False,520.0,496.0,321.0,590.8571428571429,497.2
2015-09-18,340,796,631.0,78347.73,0.5970588235294118,4,9,38,0,False,False,False,579.0,557.0,264.0,621.8571428571429,514.9333333333333
2015-09-19,194,796,376.0,66035.61,0.3865979381443299,5,9,38,1,False,False,False,791.0,889.0,369.0,622.5714285714286,529.1666666666666
2015-09-20,129,501,241.0,45872.45,0.32558139534883723,6,9,38,1,False,False,False,364.0,563.0,306.0,642.1428571428571,535.6666666666666
2015-09-21,225,619,417.0,54281.1,0.3466666666666667,0,9,39,0,False,False,False,450.0,524.0,621.0,666.2857142857143,535.6
2015-09-22,101,287,179.0,29676.49,0.13861386138613863,1,9,39,0,False,False,False,505.0,339.0,409.0,635.1428571428571,531.5333333333333
2015-09-23,159,474,306.0,49325.11,0.2830188679245283,2,9,39,0,False,False,False,479.0,580.0,459.0,634.4285714285714,532.0333333333333
2015-09-24,214,911,405.0,116352.68,0.5560747663551402,3,9,39,0,False,False,False,968.0,520.0,523.0,626.2857142857143,544.9666666666667
2015-09-25,275,1152,483.0,170565.92,0.44727272727272727,4,9,39,0,False,False,False,796.0,579.0,305.0,677.1428571428571,573.2
2015-09-26,197,667,357.0,84406.52,0.5736040609137056,5,9,39,1,False,False,False,796.0,791.0,357.0,658.7142857142857,583.5333333333333
2015-09-27,69,308,111.0,27842.91,0.2608695652173913,6,9,39,1,False,False,False,501.0,364.0,312.0,631.1428571428571,583.4
2015-09-28,107,358,180.0,31361.56,0.40186915887850466,0,9,40,0,False,False,False,619.0,450.0,438.0,593.8571428571429,580.7333333333333
2015-09-29,111,401,199.0,28891.88,0.42342342342342343,1,9,40,0,False,False,False,287.0,505.0,370.0,610.1428571428571,581.7666666666667
2015-09-30,205,483,376.0,44424.08,0.4926829268292683,2,9,40,0,False,False,False,474.0,479.0,423.0,611.4285714285714,583.7666666666667
2015-10-01,121,439,224.0,35128.5,0.2809917355371901,3,10,40,0,False,False,False,911.0,968.0,530.0,544.0,580.7333333333333
2015-10-02,203,559,297.0,50694.23,0.10344827586206896,4,10,40,0,False,False,False,1152.0,796.0,626.0,459.2857142857143,578.5
2015-10-03,209,778,396.0,50524.96,0.7177033492822966,5,10,40,1,False,False,False,667.0,796.0,496.0,475.14285714285717,587.9
2015-10-04,183,651,331.0,49772.24,0.3770491803278688,6,10,40,1,False,False,False,308.0,501.0,557.0,524.1428571428571,591.0333333333333
2015-10-05,223,932,363.0,90498.91,0.515695067264574,0,10,41,0,False,False,False,358.0,619.0,889.0,606.1428571428571,592.4666666666667
2015-10-06,175,616,316.0,51625.87,0.37714285714285717,1,10,41,0,False,False,False,401.0,287.0,563.0,636.8571428571429,594.2333333333333
2015-10-07,190,495,331.0,38755.36,0.30526315789473685,2,10,41,0,False,False,False,483.0,474.0,524.0,638.5714285714286,593.2666666666667
2015-10-08,164,614,312.0,41236.15,0.4878048780487805,3,10,41,0,False,False,False,439.0,911.0,339.0,663.5714285714286,602.4333333333333
2015-10-09,210,589,405.0,50931.32,0.37142857142857144,4,10,41,0,False,False,False,559.0,1152.0,580.0,667.8571428571429,602.7333333333333
2015-10-10,249,641,497.0,41312.75,0.4779116465863454,5,10,41,1,False,False,False,778.0,667.0,520.0,648.2857142857143,606.7666666666667
2015-10-11,101,297,186.0,22163.37,0.33663366336633666,6,10,41,1,False,False,False,651.0,308.0,579.0,597.7142857142857,597.3666666666667
2015-10-12,204,660,345.0,50281.25,0.21568627450980393,0,10,42,0,False,False,False,932.0,358.0,791.0,558.8571428571429,593.0
2015-10-13,98,268,175.0,22041.26,0.08163265306122448,1,10,42,0,False,False,False,616.0,401.0,364.0,509.14285714285717,589.8
2015-10-14,72,236,125.0,15816.06,0.05555555555555555,2,10,42,0,False,False,False,495.0,483.0,450.0,472.14285714285717,582.6666666666666
2015-10-15,254,720,423.0,49318.89,0.2637795275590551,3,10,42,0,False,False,False,614.0,439.0,505.0,487.2857142857143,589.8333333333334
2015-10-16,355,684,662.0,65621.78,0.6253521126760564,4,10,42,0,False,False,False,589.0,559.0,479.0,500.85714285714283,596.6666666666666
2015-10-17,130,287,264.0,20941.54,0.5230769230769231,5,10,42,1,False,False,False,641.0,778.0,968.0,450.2857142857143,573.9666666666667
2015-10-18,116,508,222.0,40223.14,0.15517241379310345,6,10,42,1,False,False,False,297.0,651.0,796.0,480.42857142857144,564.3666666666667
2015-10-19,227,788,393.0,59155.24,0.2555066079295154,0,10,43,0,False,False,False,660.0,932.0,796.0,498.7142857142857,564.1
2015-10-20,109,347,182.0,30319.91,0.13761467889908258,1,10,43,0,False,False,False,268.0,616.0,501.0,510.0,558.9666666666667
2015-10-21,130,345,224.0,24636.23,0.2076923076923077,2,10,43,0,False,False,False,236.0,495.0,619.0,525.5714285714286,549.8333333333334
2015-10-22,88,327,172.0,22831.41,0.13636363636363635,3,10,43,0,False,False,False,720.0,614.0,287.0,469.42857142857144,551.1666666666666
2015-10-23,98,312,182.0,23691.41,0.1326530612244898,4,10,43,0,False,False,False,684.0,589.0,474.0,416.2857142857143,545.7666666666667
2015-10-24,159,333,291.0,27990.18,0.6226415094339622,5,10,43,1,False,False,False,287.0,641.0,911.0,422.85714285714283,526.5
2015-10-25,148,526,291.0,44445.22,0.08783783783783784,6,10,43,1,False,False,False,508.0,297.0,1152.0,425.42857142857144,505.6333333333333
2015-10-26,86,237,159.0,19697.64,0.3488372093023256,0,10,44,0,False,False,False,788.0,660.0,667.0,346.7142857142857,491.3
2015-10-27,53,128,85.0,9096.53,0.018867924528301886,1,10,44,0,False,False,False,347.0,268.0,308.0,315.42857142857144,485.3
2015-10-28,141,409,256.0,35132.05,0.05673758865248227,2,10,44,0,False,False,False,345.0,236.0,358.0,324.57142857142856,487.0
2015-10-29,130,308,216.0,23287.2,0.4153846153846154,3,10,44,0,False,False,False,327.0,720.0,401.0,321.85714285714283,483.9
2015-10-30,106,296,197.0,20497.73,0.3584905660377358,4,10,44,0,False,False,False,312.0,684.0,483.0,319.57142857142856,477.6666666666667
2015-10-31,191,410,380.0,25643.75,0.4869109947643979,5,10,44,1,False,False,False,333.0,287.0,439.0,330.57142857142856,476.7
2015-11-01,57,215,107.0,12618.8,0.14035087719298245,6,11,44,1,False,False,False,526.0,508.0,559.0,286.14285714285717,465.23333333333335
2015-11-02,66,317,122.0,18716.39,0.22727272727272727,0,11,45,0,False,False,False,237.0,788.0,778.0,297.57142857142856,449.8666666666667
2015-11-03,69,355,109.0,17480.19,0.07246376811594203,1,11,45,0,False,False,False,128.0,347.0,651.0,330.0,440.0
2015-11-04,69,195,101.0,14209.61,0.34782608695652173,2,11,45,0,False,False,False,409.0,345.0,932.0,299.42857142857144,415.43333333333334
2015-11-05,60,184,98.0,12370.18,0.08333333333333333,3,11,45,0,False,False,False,308.0,327.0,616.0,281.7142857142857,401.03333333333336
2015-11-06,100,390,178.0,23148.45,0.16,4,11,45,0,False,False,False,296.0,312.0,495.0,295.14285714285717,397.53333333333336
2015-11-07,110,527,191.0,27347.8,0.2818181818181818,5,11,45,1,False,False,False,410.0,333.0,614.0,311.85714285714283,394.6333333333333
2015-11-08,53,253,86.0,14954.91,0.16981132075471697,6,11,45,1,False,False,False,215.0,526.0,589.0,317.2857142857143,383.43333333333334
2015-11-09,82,271,145.0,17157.559999999998,0.45121951219512196,0,11,46,0,False,False,False,317.0,237.0,641.0,310.7142857142857,371.1
2015-11-10,50,155,85.0,10247.91,0.22,1,11,46,0,False,False,False,355.0,128.0,297.0,282.14285714285717,366.3666666666667
2015-11-11,71,221,102.0,12717.39,0.29577464788732394,2,11,46,0,False,False,False,195.0,409.0,660.0,285.85714285714283,351.73333333333335
2015-11-12,65,195,96.0,11669.61,0.3076923076923077,3,11,46,0,False,False,False,184.0,308.0,268.0,287.42857142857144,349.3
2015-11-13,58,121,109.0,9384.41,0.5344827586206896,4,11,46,0,False,False,False,390.0,296.0,236.0,249.0,345.46666666666664
2015-11-14,39,102,77.0,7310.35,0.15384615384615385,5,11,46,1,False,False,False,527.0,410.0,720.0,188.28571428571428,324.8666666666667
2015-11-15,28,98,47.0,5716.77,0.14285714285714285,6,11,46,1,False,False,False,253.0,215.0,684.0,166.14285714285714,305.3333333333333
2015-11-16,73,235,116.0,10936.75,0.136986301369863,0,11,47,0,False,False,False,271.0,317.0,287.0,161.0,303.6
2015-11-17,81,203,116.0,11456.37,0.08641975308641975,1,11,47,0,False,False,False,155.0,355.0,508.0,167.85714285714286,293.43333333333334
2015-11-18,173,579,258.0,37491.4,0.06936416184971098,2,11,47,0,False,False,False,221.0,195.0,788.0,219.0,286.46666666666664
2015-11-19,55,163,99.0,9780.32,0.2,3,11,47,0,False,False,False,195.0,184.0,347.0,214.42857142857142,280.3333333333333
2015-11-20,186,435,288.0,29125.92,0.2903225806451613,4,11,47,0,False,False,False,121.0,390.0,345.0,259.2857142857143,283.3333333333333
2015-11-21,86,156,179.0,8460.58,0.05813953488372093,5,11,47,1,False,False,False,102.0,527.0,327.0,267.0,277.6333333333333
2015-11-22,36,126,61.0,7798.86,0.027777777777777776,6,11,47,1,False,False,False,98.0,253.0,312.0,271.0,271.43333333333334
2015-11-23,211,661,262.0,46330.12,0.33649289099526064,0,11,48,0,False,False,False,235.0,271.0,333.0,331.85714285714283,282.3666666666667
2015-11-24,69,180,108.0,10713.53,0.057971014492753624,1,11,48,0,False,False,False,203.0,155.0,526.0,328.57142857142856,270.8333333333333
2015-11-25,47,98,68.0,6196.71,0.10638297872340426,2,11,48,0,False,False,False,579.0,221.0,237.0,259.85714285714283,266.2
2015-11-26,56,136,88.0,7631.98,0.125,3,11,48,0,False,False,False,163.0,195.0,128.0,256.0,266.46666666666664
2015-11-27,132,317,236.0,18355.54,0.13636363636363635,4,11,48,0,False,False,False,435.0,121.0,409.0,239.14285714285714,263.4
2015-11-28,60,123,127.0,7323.26,0.23333333333333334,5,11,48,1,False,False,False,156.0,102.0,308.0,234.42857142857142,257.23333333333335
2015-11-29,20,52,38.0,3314.15,0.25,6,11,48,1,False,False,False,126.0,98.0,296.0,223.85714285714286,249.1
2015-11-30,53,195,72.0,9375.33,0.1320754716981132,0,11,49,0,False,False,False,661.0,235.0,410.0,157.28571428571428,241.93333333333334
2015-12-01,56,110,75.0,5978.07,0.19642857142857142,1,12,49,0,False,False,True,180.0,203.0,215.0,147.28571428571428,238.43333333333334
2015-12-02,56,112,80.0,6141.4400000000005,0.08928571428571429,2,12,49,0,False,False,True,98.0,579.0,317.0,149.28571428571428,231.6
2015-12-03,82,213,137.0,13280.7,0.2926829268292683,3,12,49,0,False,False,True,136.0,163.0,355.0,160.28571428571428,226.86666666666667
2015-12-04,122,422,250.0,31322.68,0.38524590163934425,4,12,49,0,False,False,True,317.0,435.0,195.0,175.28571428571428,234.43333333333334
2015-12-05,448,1301,910.0,91478.1,0.43080357142857145,5,12,49,1,False,False,True,123.0,156.0,184.0,343.57142857142856,271.6666666666667
2015-12-06,63,158,121.0,10147.39,0.30158730158730157,6,12,49,1,False,False,True,52.0,126.0,390.0,358.7142857142857,263.93333333333334
2015-12-07,27,58,52.0,2629.2400000000002,0.14814814814814814,0,12,50,0,False,False,True,195.0,661.0,527.0,339.14285714285717,248.3
2015-12-08,190,408,206.0,34402.34,0.8789473684210526,1,12,50,0,False,False,True,110.0,180.0,253.0,381.7142857142857,253.46666666666667
2015-12-09,151,336,273.0,27083.45,0.5496688741721855,2,12,50,0,False,False,True,112.0,98.0,271.0,413.7142857142857,255.63333333333333
2015-12-10,81,150,110.0,4773.87,0.037037037037037035,3,12,50,0,False,False,True,213.0,136.0,155.0,404.7142857142857,255.46666666666667
2015-12-11,49,110,95.0,6344.15,0.14285714285714285,4,12,50,0,False,False,True,422.0,317.0,221.0,360.14285714285717,251.76666666666668
2015-12-12,43,102,88.0,6176.66,0.06976744186046512,5,12,50,1,False,False,True,1301.0,123.0,195.0,188.85714285714286,248.66666666666666
2015-12-13,17,56,27.0,2708.25,0.11764705882352941,6,12,50,1,False,False,True,158.0,52.0,121.0,174.28571428571428,246.5
2015-12-14,39,111,60.0,5183.7,0.07692307692307693,0,12,51,0,False,False,True,58.0,195.0,102.0,181.85714285714286,246.8
2015-12-15,29,76,42.0,4467.27,0.10344827586206896,1,12,51,0,False,False,True,408.0,110.0,98.0,134.42857142857142,246.06666666666666
2015-12-16,43,79,62.0,4693.78,0.046511627906976744,2,12,51,0,False,False,True,336.0,112.0,235.0,97.71428571428571,240.86666666666667
2015-12-17,46,110,72.0,5815.61,0.10869565217391304,3,12,51,0,False,False,True,150.0,213.0,203.0,92.0,237.76666666666668
2015-12-18,46,88,87.0,6120.35,0.10869565217391304,4,12,51,0,False,False,True,110.0,422.0,579.0,88.85714285714286,221.4
2015-12-19,88,182,189.0,12041.28,0.38636363636363635,5,12,51,1,False,False,True,102.0,1301.0,163.0,100.28571428571429,222.03333333333333
2015-12-20,38,189,75.0,9435.27,0.2631578947368421,6,12,51,1,False,False,True,56.0,158.0,435.0,119.28571428571429,213.83333333333334
2015-12-21,47,209,91.0,10960.17,0.19148936170212766,0,12,52,0,False,False,True,111.0,58.0,156.0,133.28571428571428,215.6
2015-12-22,69,334,134.0,19486.68,0.21739130434782608,1,12,52,0,False,False,True,76.0,408.0,126.0,170.14285714285714,222.53333333333333
2015-12-23,62,317,119.0,22617.14,0.14516129032258066,2,12,52,0,False,False,True,79.0,336.0,661.0,204.14285714285714,211.06666666666666
2015-12-24,85,276,181.0,18813.39,0.23529411764705882,3,12,52,0,False,False,True,110.0,150.0,180.0,227.85714285714286,214.26666666666668
2015-12-25,68,187,139.0,12495.19,0.4117647058823529,4,12,52,0,False,False,True,88.0,110.0,98.0,242.0,217.23333333333332
2015-12-26,111,389,248.0,29747.78,0.25225225225225223,5,12,52,1,False,False,True,182.0,102.0,136.0,271.57142857142856,225.66666666666666
2015-12-27,123,398,246.0,33692.96,0.3252032520325203,6,12,52,1,False,False,True,189.0,56.0,317.0,301.42857142857144,228.36666666666667
2015-12-28,100,308,206.0,27547.97,0.26,0,12,53,0,False,False,True,209.0,111.0,123.0,315.57142857142856,234.53333333333333
2015-12-29,154,568,316.0,50616.43,0.34415584415584416,1,12,53,0,False,False,True,334.0,76.0,52.0,349.0,251.73333333333332
2015-12-30,236,852,473.0,99205.91,0.2838983050847458,2,12,53,0,False,False,True,317.0,79.0,195.0,425.42857142857144,273.6333333333333
2015-12-31,119,358,252.0,37707.62,0.29411764705882354,3,12,53,0,False,False,True,276.0,110.0,110.0,437.14285714285717,281.9
2016-01-01,43,130,100.0,11556.92,0.2558139534883721,4,1,53,0,False,False,True,187.0,88.0,112.0,429.0,282.5
2016-01-02,183,481,356.0,40433.16,0.34972677595628415,5,1,53,1,False,False,True,389.0,182.0,213.0,442.14285714285717,291.43333333333334
2016-01-03,61,173,123.0,10272.039999999999,0.29508196721311475,6,1,53,1,False,False,True,398.0,189.0,422.0,410.0,283.1333333333333
2016-01-04,77,246,134.0,15574.67,0.14285714285714285,0,1,1,0,False,False,True,308.0,209.0,1301.0,401.14285714285717,247.96666666666667
2016-01-05,45,124,72.0,7417.53,0.17777777777777778,1,1,1,0,False,False,True,568.0,334.0,158.0,337.7142857142857,246.83333333333334
2016-01-06,48,115,83.0,8018.99,0.10416666666666667,2,1,1,0,False,False,True,852.0,317.0,58.0,232.42857142857142,248.73333333333332
2016-01-07,47,115,82.0,7219.95,0.1702127659574468,3,1,1,0,False,False,True,358.0,276.0,408.0,197.71428571428572,238.96666666666667
2016-01-08,55,157,107.0,9714.51,0.16363636363636364,4,1,1,0,False,False,True,130.0,187.0,336.0,201.57142857142858,233.0
2016-01-09,54,155,102.0,8920.91,0.2222222222222222,5,1,1,1,False,False,True,481.0,389.0,150.0,155.0,233.16666666666666
2016-01-10,43,153,73.0,8796.38,0.11627906976744186,6,1,1,1,False,False,True,173.0,398.0,110.0,152.14285714285714,234.6
2016-01-11,40,100,59.0,5214.91,0.025,0,1,2,0,False,False,True,246.0,308.0,102.0,131.28571428571428,234.53333333333333
2016-01-12,64,143,96.0,9321.53,0.1875,1,1,2,0,False,False,True,124.0,568.0,56.0,134.0,237.43333333333334
2016-01-13,47,129,70.0,7251.8099999999995,0.1276595744680851,2,1,2,0,False,False,True,115.0,852.0,111.0,136.0,238.03333333333333
2016-01-14,93,249,158.0,14773.06,0.1935483870967742,3,1,2,0,False,False,True,115.0,358.0,76.0,155.14285714285714,243.8
2016-01-15,80,184,159.0,13448.31,0.1875,4,1,2,0,False,False,True,157.0,130.0,79.0,159.0,247.3
2016-01-16,66,170,130.0,10051.289999999999,0.19696969696969696,5,1,2,1,False,False,True,155.0,481.0,110.0,161.14285714285714,249.3
2016-01-17,36,114,69.0,7875.16,0.16666666666666666,6,1,2,1,False,False,True,153.0,173.0,88.0,155.57142857142858,250.16666666666666
2016-01-18,57,152,80.0,8992.48,0.14035087719298245,0,1,3,0,False,False,True,100.0,246.0,182.0,163.0,249.16666666666666
2016-01-19,147,356,178.0,25102.97,0.2585034013605442,1,1,3,0,False,False,True,143.0,124.0,189.0,193.42857142857142,254.73333333333332
2016-01-20,63,150,97.0,10035.46,0.1111111111111111,2,1,3,0,False,False,True,129.0,115.0,209.0,196.42857142857142,252.76666666666668
2016-01-21,60,154,90.0,9803.15,0.1,3,1,3,0,False,False,True,249.0,115.0,334.0,182.85714285714286,246.76666666666668
2016-01-22,134,201,238.0,14233.73,0.6343283582089553,4,1,3,0,False,False,True,184.0,157.0,317.0,185.28571428571428,242.9
2016-01-23,70,122,136.0,7878.15,0.11428571428571428,5,1,3,1,False,False,True,170.0,155.0,276.0,178.42857142857142,237.76666666666668
2016-01-24,36,119,65.0,8089.26,0.1388888888888889,6,1,3,1,False,False,True,114.0,153.0,187.0,179.14285714285714,235.5
2016-01-25,78,184,138.0,12133.18,0.1794871794871795,0,1,4,0,False,False,True,152.0,100.0,389.0,183.71428571428572,228.66666666666666
2016-01-26,67,126,96.0,7129.84,0.11940298507462686,1,1,4,0,False,False,True,356.0,143.0,398.0,150.85714285714286,219.6
2016-01-27,155,324,188.0,21864.72,0.5483870967741935,2,1,4,0,False,False,True,150.0,129.0,308.0,175.71428571428572,220.13333333333333
2016-01-28,85,209,145.0,13424.24,0.21176470588235294,3,1,4,0,False,False,True,154.0,249.0,568.0,183.57142857142858,208.16666666666666
2016-01-29,86,195,160.0,14170.45,0.22093023255813954,4,1,4,0,False,False,True,201.0,184.0,852.0,182.71428571428572,186.26666666666668
2016-01-30,57,144,111.0,9927.48,0.17543859649122806,5,1,4,1,False,False,True,122.0,170.0,358.0,185.85714285714286,179.13333333333333
2016-01-31,33,126,59.0,7806.51,0.09090909090909091,6,1,4,1,False,False,True,119.0,114.0,130.0,186.85714285714286,179.0
2016-02-01,59,168,87.0,9501.36,0.2033898305084746,0,2,5,0,False,False,True,184.0,152.0,481.0,184.57142857142858,168.56666666666666
2016-02-02,66,188,102.0,12822.81,0.24242424242424243,1,2,5,0,False,False,True,126.0,356.0,173.0,193.42857142857142,169.06666666666666
2016-02-03,79,215,127.0,14710.48,0.11392405063291139,2,2,5,0,False,False,True,324.0,150.0,246.0,177.85714285714286,168.03333333333333
2016-02-04,103,295,169.0,17914.7,0.18446601941747573,3,2,5,0,False,False,True,209.0,154.0,124.0,190.14285714285714,173.73333333333332
2016-02-05,123,354,244.0,24385.03,0.1951219512195122,4,2,5,0,False,False,True,195.0,201.0,115.0,212.85714285714286,181.7
2016-02-06,218,699,439.0,46364.11,0.24311926605504589,5,2,5,1,False,False,True,144.0,122.0,115.0,292.14285714285717,201.16666666666666
2016-02-07,126,339,258.0,25004.12,0.3253968253968254,6,2,5,1,False,False,True,126.0,119.0,157.0,322.57142857142856,207.23333333333332
2016-02-08,84,235,176.0,18121.11,0.16666666666666666,0,2,6,0,False,False,True,168.0,184.0,155.0,332.14285714285717,209.9
2016-02-09,74,204,139.0,12423.7,0.28378378378378377,1,2,6,0,False,False,True,188.0,126.0,153.0,334.42857142857144,211.6
2016-02-10,78,197,138.0,14768.02,0.16666666666666666,2,2,6,0,False,False,True,215.0,324.0,100.0,331.85714285714283,214.83333333333334
2016-02-11,101,314,192.0,19434.63,0.3069306930693069,3,2,6,0,False,False,True,295.0,209.0,143.0,334.57142857142856,220.53333333333333
2016-02-12,289,675,590.0,49130.43,0.4740484429065744,4,2,6,0,False,False,True,354.0,195.0,129.0,380.42857142857144,238.73333333333332
2016-02-13,180,357,365.0,26628.62,0.16111111111111112,5,2,6,1,False,False,True,699.0,144.0,249.0,331.57142857142856,242.33333333333334
2016-02-14,103,332,208.0,26960.68,0.27184466019417475,6,2,6,1,False,False,True,339.0,126.0,184.0,330.57142857142856,247.26666666666668
2016-02-15,85,267,156.0,16799.67,0.16470588235294117,0,2,7,0,False,False,True,235.0,168.0,170.0,335.14285714285717,250.5
2016-02-16,78,198,128.0,11754.98,0.10256410256410256,1,2,7,0,False,False,True,204.0,188.0,114.0,334.2857142857143,253.3
2016-02-17,286,671,547.0,48450.76,0.7412587412587412,2,2,7,0,False,False,True,197.0,215.0,152.0,402.0,270.6
2016-02-18,83,240,149.0,17619.17,0.1566265060240964,3,2,7,0,False,False,True,314.0,295.0,356.0,391.42857142857144,266.73333333333335
2016-02-19,246,421,406.0,33887.54,0.37398373983739835,4,2,7,0,False,False,True,675.0,354.0,150.0,355.14285714285717,275.76666666666665
2016-02-20,107,321,213.0,20667.88,0.17757009345794392,5,2,7,1,False,False,True,357.0,699.0,154.0,350.0,281.3333333333333
2016-02-21,104,349,213.0,25890.86,0.5288461538461539,6,2,7,1,False,False,True,332.0,339.0,201.0,352.42857142857144,286.26666666666665
2016-02-22,106,338,185.0,23245.89,0.1509433962264151,0,2,8,0,False,False,True,267.0,235.0,122.0,362.57142857142856,293.46666666666664
2016-02-23,67,202,116.0,14852.7,0.14925373134328357,1,2,8,0,False,False,True,198.0,204.0,119.0,363.14285714285717,296.23333333333335
2016-02-24,104,252,195.0,18564.88,0.33653846153846156,2,2,8,0,False,False,True,671.0,197.0,184.0,303.2857142857143,298.5
2016-02-25,148,399,273.0,28097.33,0.3918918918918919,3,2,8,0,False,False,True,240.0,314.0,126.0,326.0,307.6
2016-02-26,245,691,492.0,48499.77,0.5102040816326531,4,2,8,0,False,False,True,421.0,675.0,324.0,364.57142857142856,319.8333333333333
2016-02-27,209,605,393.0,44213.13,0.20574162679425836,5,2,8,1,False,False,True,321.0,357.0,209.0,405.14285714285717,333.03333333333336
2016-02-28,193,637,259.0,42384.21,0.6632124352331606,6,2,8,1,False,False,True,349.0,332.0,195.0,446.2857142857143,347.76666666666665
2016-02-29,96,317,163.0,22900.84,0.40625,0,2,9,0,False,False,True,338.0,267.0,144.0,443.2857142857143,353.53333333333336
2016-03-01,123,439,198.0,28506.05,0.24390243902439024,1,3,9,0,True,False,False,202.0,198.0,126.0,477.14285714285717,363.96666666666664
2016-03-02,158,450,255.0,29134.81,0.2721518987341772,2,3,9,0,True,False,False,252.0,671.0,168.0,505.42857142857144,373.3666666666667
2016-03-03,108,337,203.0,26206.02,0.24074074074074073,3,3,9,0,True,False,False,399.0,240.0,188.0,496.57142857142856,378.3333333333333
2016-03-04,198,525,383.0,36898.94,0.3282828282828283,4,3,9,0,True,False,False,691.0,421.0,215.0,472.85714285714283,388.6666666666667
2016-03-05,131,418,241.0,29702.66,0.2595419847328244,5,3,9,1,True,False,False,605.0,321.0,295.0,446.14285714285717,392.76666666666665
2016-03-06,67,230,128.0,16511.82,0.13432835820895522,6,3,9,1,True,False,False,637.0,349.0,354.0,388.0,388.6333333333333
2016-03-07,149,579,248.0,39765.21,0.2080536912751678,0,3,10,0,True,False,False,317.0,338.0,699.0,425.42857142857144,384.6333333333333
2016-03-08,118,322,189.0,21355.14,0.1440677966101695,1,3,10,0,True,False,False,439.0,202.0,339.0,408.7142857142857,384.06666666666666
2016-03-09,143,445,264.0,31937.309999999998,0.17482517482517482,2,3,10,0,True,False,False,450.0,252.0,235.0,408.0,391.06666666666666
2016-03-10,107,359,203.0,26003.44,0.21495327102803738,3,3,10,0,True,False,False,337.0,399.0,204.0,411.14285714285717,396.23333333333335
2016-03-11,182,453,324.0,33039.77,0.25824175824175827,4,3,10,0,True,False,False,525.0,691.0,197.0,400.85714285714283,404.76666666666665
2016-03-12,130,406,260.0,26837.08,0.2230769230769231,5,3,10,1,True,False,False,418.0,605.0,314.0,399.14285714285717,407.8333333333333
2016-03-13,103,362,206.0,25653.88,0.17475728155339806,6,3,10,1,True,False,False,230.0,637.0,675.0,418.0,397.4
2016-03-14,117,397,195.0,27405.84,0.1282051282051282,0,3,11,0,True,False,False,579.0,317.0,357.0,392.0,398.73333333333335
2016-03-15,112,374,189.0,26754.25,0.16071428571428573,1,3,11,0,True,False,False,322.0,439.0,332.0,399.42857142857144,400.1333333333333
2016-03-16,115,323,185.0,19743.88,0.1565217391304348,2,3,11,0,True,False,False,445.0,450.0,267.0,382.0,402.0
2016-03-17,188,557,346.0,40746.77,0.2872340425531915,3,3,11,0,True,False,False,359.0,337.0,198.0,410.2857142857143,413.96666666666664
2016-03-18,199,527,384.0,43292.25,0.4371859296482412,4,3,11,0,True,False,False,453.0,525.0,671.0,420.85714285714283,409.1666666666667
2016-03-19,211,736,439.0,54018.15,0.4075829383886256,5,3,11,1,True,False,False,406.0,418.0,240.0,468.0,425.7
2016-03-20,243,800,444.0,65817.88,0.448559670781893,6,3,11,1,True,False,False,362.0,230.0,421.0,530.5714285714286,438.3333333333333
2016-03-21,183,561,376.0,42723.4,0.3224043715846995,0,3,12,0,True,False,False,397.0,579.0,321.0,554.0,446.3333333333333
2016-03-22,156,449,297.0,42115.33,0.4230769230769231,1,3,12,0,True,False,False,374.0,322.0,349.0,564.7142857142857,449.6666666666667
2016-03-23,127,391,267.0,36436.6,0.2677165354330709,2,3,12,0,True,False,False,323.0,445.0,338.0,574.4285714285714,451.43333333333334
2016-03-24,293,933,651.0,88267.54,0.37542662116040953,3,3,12,0,True,False,False,557.0,359.0,202.0,628.1428571428571,475.8
2016-03-25,223,724,494.0,75399.08,0.547085201793722,4,3,12,0,True,False,False,527.0,453.0,252.0,656.2857142857143,491.53333333333336
2016-03-26,107,322,236.0,34591.23,0.4485981308411215,5,3,12,1,True,False,False,736.0,406.0,399.0,597.1428571428571,488.96666666666664
2016-03-27,105,333,229.0,28993.33,0.2571428571428571,6,3,12,1,True,False,False,800.0,362.0,691.0,530.4285714285714,477.03333333333336
2016-03-28,169,647,360.0,53184.8,0.24260355029585798,0,3,13,0,True,False,False,561.0,397.0,605.0,542.7142857142857,478.43333333333334
2016-03-29,116,347,229.0,28338.25,0.1724137931034483,1,3,13,0,True,False,False,449.0,374.0,637.0,528.1428571428571,468.76666666666665
2016-03-30,164,511,307.0,42299.57,0.39634146341463417,2,3,13,0,True,False,False,391.0,323.0,317.0,545.2857142857143,475.23333333333335
2016-03-31,236,741,450.0,56855.12,0.3135593220338983,3,3,13,0,True,False,False,933.0,557.0,439.0,517.8571428571429,485.3
2016-04-01,102,307,205.0,28715.88,0.2647058823529412,4,4,13,0,True,False,False,724.0,527.0,450.0,458.2857142857143,480.53333333333336
2016-04-02,102,360,208.0,31391.4,0.3235294117647059,5,4,13,1,True,False,False,322.0,736.0,337.0,463.7142857142857,481.3
2016-04-03,100,356,205.0,31233.73,0.32,6,4,13,1,True,False,False,333.0,800.0,525.0,467.0,475.6666666666667
2016-04-04,209,666,375.0,55495.04,0.2822966507177033,0,4,14,0,True,False,False,647.0,561.0,418.0,469.7142857142857,483.93333333333334
2016-04-05,115,316,201.0,26295.55,0.25217391304347825,1,4,14,0,True,False,False,347.0,449.0,230.0,465.2857142857143,486.8
2016-04-06,237,448,444.0,38230.14,0.3755274261603376,2,4,14,0,True,False,False,511.0,391.0,579.0,456.2857142857143,482.43333333333334
2016-04-07,196,554,376.0,45915.87,0.3979591836734694,3,4,14,0,True,False,False,741.0,933.0,322.0,429.57142857142856,490.1666666666667
2016-04-08,180,525,359.0,45760.34,0.29444444444444445,4,4,14,0,True,False,False,307.0,724.0,445.0,460.7142857142857,492.8333333333333
2016-04-09,229,861,436.0,62515.33,0.34497816593886466,5,4,14,1,True,False,False,360.0,322.0,359.0,532.2857142857143,509.56666666666666
2016-04-10,125,540,236.0,47469.72,0.344,6,4,14,1,True,False,False,356.0,333.0,453.0,558.5714285714286,512.4666666666667
2016-04-11,187,706,363.0,62164.56,0.32620320855614976,0,4,15,0,True,False,False,666.0,647.0,406.0,564.2857142857143,522.4666666666667
2016-04-12,156,471,280.0,41168.07,0.4166666666666667,1,4,15,0,True,False,False,316.0,347.0,362.0,586.4285714285714,526.1
2016-04-13,175,444,343.0,43642.71,0.3657142857142857,2,4,15,0,True,False,False,448.0,511.0,397.0,585.8571428571429,527.6666666666666
2016-04-14,203,574,394.0,51312.93,0.6108374384236454,3,4,15,0,True,False,False,554.0,741.0,374.0,588.7142857142857,534.3333333333334
2016-04-15,160,434,321.0,42945.62,0.33125,4,4,15,0,True,False,False,525.0,307.0,323.0,575.7142857142857,538.0333333333333
2016-04-16,164,526,344.0,47786.51,0.2682926829268293,5,4,15,1,True,False,False,861.0,360.0,557.0,527.8571428571429,537.0
2016-04-17,157,512,317.0,46969.79,0.36942675159235666,6,4,15,1,True,False,False,540.0,356.0,527.0,523.8571428571429,536.5
2016-04-18,207,703,372.0,54870.31,0.21256038647342995,0,4,16,0,True,False,False,706.0,666.0,736.0,523.4285714285714,535.4
2016-04-19,171,588,264.0,47058.409999999996,0.543859649122807,1,4,16,0,True,False,False,471.0,316.0,800.0,540.1428571428571,528.3333333333334
2016-04-20,224,686,411.0,60250.63,0.3392857142857143,2,4,16,0,True,False,False,444.0,448.0,561.0,574.7142857142857,532.5
2016-04-21,145,382,293.0,36810.69,0.3931034482758621,3,4,16,0,True,False,False,574.0,554.0,449.0,547.2857142857143,530.2666666666667
2016-04-22,263,922,527.0,82464.65,0.49809885931558934,4,4,16,0,True,False,False,434.0,525.0,391.0,617.0,547.9666666666667
2016-04-23,170,619,368.0,54681.06,0.3,5,4,16,1,True,False,False,526.0,861.0,933.0,630.2857142857143,537.5
2016-04-24,168,540,358.0,51399.13,0.5059523809523809,6,4,16,1,True,False,False,512.0,540.0,724.0,634.2857142857143,531.3666666666667
2016-04-25,148,513,304.0,47234.86,0.3716216216216216,0,4,17,0,True,False,False,703.0,706.0,322.0,607.1428571428571,537.7333333333333
2016-04-26,174,502,322.0,43095.05,0.22988505747126436,1,4,17,0,True,False,False,588.0,471.0,333.0,594.8571428571429,543.3666666666667
2016-04-27,178,615,347.0,55182.93,0.42134831460674155,2,4,17,0,True,False,False,686.0,444.0,647.0,584.7142857142857,542.3
2016-04-28,292,908,510.0,87465.46,0.5753424657534246,3,4,17,0,True,False,False,382.0,574.0,347.0,659.8571428571429,561.0
2016-04-29,266,964,545.0,80449.88,0.4774436090225564,4,4,17,0,True,False,False,922.0,434.0,511.0,665.8571428571429,576.1
2016-04-30,206,647,405.0,59990.340000000004,0.3058252427184466,5,4,17,1,True,False,False,619.0,526.0,741.0,669.8571428571429,572.9666666666667
2016-05-01,90,385,197.0,34846.91,0.3333333333333333,6,5,17,1,True,False,False,540.0,512.0,307.0,647.7142857142857,575.5666666666667
2016-05-02,263,823,514.0,70695.19,0.311787072243346,0,5,18,0,True,False,False,513.0,703.0,360.0,692.0,591.0
2016-05-03,93,288,171.0,27711.84,0.20430107526881722,1,5,18,0,True,False,False,502.0,588.0,356.0,661.4285714285714,588.7333333333333
2016-05-04,134,398,254.0,37948.13,0.23880597014925373,2,5,18,0,True,False,False,615.0,686.0,666.0,630.4285714285714,579.8
2016-05-05,269,1000,522.0,84828.24,0.45724907063197023,3,5,18,0,True,False,False,908.0,382.0,316.0,643.5714285714286,602.6
2016-05-06,128,372,261.0,37091.26,0.28125,4,5,18,0,True,False,False,964.0,922.0,448.0,559.0,600.0666666666667
2016-05-07,149,533,310.0,50524.24,0.33557046979865773,5,5,18,1,True,False,False,647.0,619.0,554.0,542.7142857142857,599.3666666666667
2016-05-08,148,519,285.0,46673.41,0.3310810810810811,6,5,18,1,True,False,False,385.0,540.0,525.0,561.8571428571429,599.1666666666666
2016-05-09,157,508,287.0,49405.78,0.22929936305732485,0,5,19,0,True,False,False,823.0,513.0,861.0,516.8571428571429,587.4
2016-05-10,153,428,260.0,41655.9,0.3333333333333333,1,5,19,0,True,False,False,288.0,502.0,540.0,536.8571428571429,583.6666666666666
2016-05-11,132,402,250.0,42863.53,0.21212121212121213,2,5,19,0,True,False,False,398.0,615.0,706.0,537.4285714285714,573.5333333333333
2016-05-12,270,845,527.0,67445.0,0.45185185185185184,3,5,19,0,True,False,False,1000.0,908.0,471.0,515.2857142857143,586.0
2016-05-13,235,757,487.0,77007.13,0.5787234042553191,4,5,19,0,True,False,False,372.0,964.0,444.0,570.2857142857143,596.4333333333333
2016-05-14,154,493,327.0,42995.66,0.3116883116883117,5,5,19,1,True,False,False,533.0,647.0,574.0,564.5714285714286,593.7333333333333
2016-05-15,184,553,378.0,53224.4,0.28804347826086957,6,5,19,1,True,False,False,519.0,385.0,434.0,569.4285714285714,597.7
2016-05-16,218,709,406.0,61194.0,0.3211009174311927,0,5,20,0,True,False,False,508.0,823.0,526.0,598.1428571428571,603.8
2016-05-17,228,647,403.0,56259.37,0.3026315789473684,1,5,20,0,True,False,False,428.0,288.0,512.0,629.4285714285714,608.3
2016-05-18,135,411,225.0,35280.84,0.37037037037037035,2,5,20,0,True,False,False,402.0,398.0,703.0,630.7142857142857,598.5666666666667
2016-05-19,263,872,518.0,74901.84,0.3650190114068441,3,5,20,0,True,False,False,845.0,1000.0,588.0,634.5714285714286,608.0333333333333
2016-05-20,227,543,459.0,55211.7,0.4977973568281938,4,5,20,0,True,False,False,757.0,372.0,686.0,604.0,603.2666666666667
2016-05-21,188,560,381.0,60026.22,0.35106382978723405,5,5,20,1,True,False,False,493.0,533.0,382.0,613.5714285714286,609.2
2016-05-22,129,469,262.0,45153.1,0.20930232558139536,6,5,20,1,True,False,False,553.0,519.0,922.0,601.5714285714286,594.1
2016-05-23,134,400,214.0,37995.01,0.2537313432835821,0,5,21,0,True,False,False,709.0,508.0,619.0,557.4285714285714,586.8
2016-05-24,221,590,318.0,61205.96,0.579185520361991,1,5,21,0,True,False,False,647.0,428.0,540.0,549.2857142857143,588.4666666666667
2016-05-25,109,353,217.0,32785.82,0.1834862385321101,2,5,21,0,True,False,False,411.0,402.0,513.0,541.0,583.1333333333333
2016-05-26,274,825,520.0,81510.45,0.22627737226277372,3,5,21,0,True,False,False,872.0,845.0,502.0,534.2857142857143,593.9
2016-05-27,96,259,199.0,27771.74,0.4583333333333333,4,5,21,0,True,False,False,543.0,757.0,615.0,493.7142857142857,582.0333333333333
2016-05-28,95,315,188.0,29568.91,0.3684210526315789,5,5,21,1,True,False,False,560.0,493.0,908.0,458.7142857142857,562.2666666666667
2016-05-29,183,654,366.0,65712.66,0.29508196721311475,6,5,21,1,True,False,False,469.0,553.0,964.0,485.14285714285717,551.9333333333333
2016-05-30,189,704,321.0,66879.37,0.2804232804232804,0,5,22,0,True,False,False,400.0,709.0,647.0,528.5714285714286,553.8333333333334
2016-05-31,199,699,335.0,69522.33,0.4472361809045226,1,5,22,0,True,False,False,590.0,647.0,385.0,544.1428571428571,564.3
2016-06-01,133,531,262.0,55101.87,0.3383458646616541,2,6,22,0,False,True,False,353.0,411.0,823.0,569.5714285714286,554.5666666666667
2016-06-02,265,774,526.0,77661.93,0.47547169811320755,3,6,22,0,False,True,False,825.0,872.0,288.0,562.2857142857143,570.7666666666667
2016-06-03,192,605,401.0,60650.46,0.390625,4,6,22,0,False,True,False,259.0,543.0,398.0,611.7142857142857,577.6666666666666
2016-06-04,150,500,308.0,45099.65,0.36666666666666664,5,6,22,1,False,True,False,315.0,560.0,1000.0,638.1428571428571,561.0
2016-06-05,107,439,196.0,42915.77,0.411214953271028,6,6,22,1,False,True,False,654.0,469.0,372.0,607.4285714285714,563.2333333333333
2016-06-06,230,728,372.0,77688.79,0.13043478260869565,0,6,23,0,False,True,False,704.0,400.0,533.0,610.8571428571429,569.7333333333333
2016-06-07,146,534,268.0,62208.7,0.5547945205479452,1,6,23,0,False,True,False,699.0,590.0,519.0,587.2857142857143,570.2333333333333
2016-06-08,200,437,386.0,50215.74,0.585,2,6,23,0,False,True,False,531.0,353.0,508.0,573.8571428571429,567.8666666666667
2016-06-09,221,677,450.0,67839.41,0.5067873303167421,3,6,23,0,False,True,False,774.0,825.0,428.0,560.0,576.1666666666666
2016-06-10,196,615,405.0,71720.89,0.30612244897959184,4,6,23,0,False,True,False,605.0,259.0,402.0,561.4285714285714,583.2666666666667
2016-06-11,101,462,211.0,44121.28,0.19801980198019803,5,6,23,1,False,True,False,500.0,315.0,845.0,556.0,570.5
2016-06-12,223,1033,407.0,124967.9,0.5829596412556054,6,6,23,1,False,True,False,439.0,654.0,757.0,640.8571428571429,579.7
2016-06-13,130,500,251.0,50625.43,0.23846153846153847,0,6,24,0,False,True,False,728.0,704.0,493.0,608.2857142857143,579.9333333333333
2016-06-14,228,687,329.0,75476.17,0.6271929824561403,1,6,24,0,False,True,False,534.0,699.0,553.0,630.1428571428571,584.4
2016-06-15,284,737,431.0,84952.2,0.528169014084507,2,6,24,0,False,True,False,437.0,531.0,709.0,673.0,585.3333333333334
2016-06-16,148,531,310.0,59324.22,0.40540540540540543,3,6,24,0,False,True,False,677.0,774.0,647.0,652.1428571428571,581.4666666666667
2016-06-17,320,932,638.0,98779.8,0.553125,4,6,24,0,False,True,False,615.0,605.0,411.0,697.4285714285714,598.8333333333334
2016-06-18,131,521,278.0,52055.86,0.33587786259541985,5,6,24,1,False,True,False,462.0,500.0,872.0,705.8571428571429,587.1333333333333
2016-06-19,120,513,238.0,52261.85,0.26666666666666666,6,6,24,1,False,True,False,1033.0,439.0,543.0,631.5714285714286,586.1333333333333
2016-06-20,205,693,394.0,68997.22,0.40487804878048783,0,6,25,0,False,True,False,500.0,728.0,560.0,659.1428571428571,590.5666666666667
2016-06-21,131,498,254.0,47034.16,0.25190839694656486,1,6,25,0,False,True,False,687.0,534.0,469.0,632.1428571428571,591.5333333333333
2016-06-22,116,358,202.0,33796.47,0.1896551724137931,2,6,25,0,False,True,False,737.0,437.0,400.0,578.0,590.1333333333333
2016-06-23,130,378,261.0,29543.63,0.45384615384615384,3,6,25,0,False,True,False,531.0,677.0,590.0,556.1428571428571,583.0666666666667
2016-06-24,273,686,429.0,64034.54,0.19413919413919414,4,6,25,0,False,True,False,932.0,615.0,353.0,521.0,594.1666666666666
2016-06-25,79,341,176.0,40660.55,0.34177215189873417,5,6,25,1,False,True,False,521.0,462.0,825.0,495.2857142857143,578.0333333333333
2016-06-26,223,889,462.0,92756.24,0.2600896860986547,6,6,25,1,False,True,False,513.0,1033.0,259.0,549.0,599.0333333333333
2016-06-27,184,752,358.0,81648.09,0.45652173913043476,0,6,26,0,False,True,False,693.0,500.0,315.0,557.4285714285714,613.6
2016-06-28,131,586,274.0,60036.28,0.2824427480916031,1,6,26,0,False,True,False,498.0,687.0,654.0,570.0,611.3333333333334
2016-06-29,92,327,190.0,36269.11,0.2717391304347826,2,6,26,0,False,True,False,358.0,737.0,704.0,565.5714285714286,598.7666666666667
2016-06-30,182,675,381.0,72152.48,0.42857142857142855,3,6,26,0,False,True,False,378.0,531.0,699.0,608.0,597.9666666666667
2016-07-01,173,622,377.0,63880.46,0.4682080924855491,4,7,26,0,False,True,False,686.0,932.0,531.0,598.8571428571429,601.0
2016-07-02,132,614,302.0,66828.15,0.3787878787878788,5,7,26,1,False,True,False,341.0,521.0,774.0,637.8571428571429,595.6666666666666
2016-07-03,116,544,255.0,64299.2,0.27586206896551724,6,7,26,1,False,True,False,889.0,513.0,605.0,588.5714285714286,593.6333333333333
2016-07-04,144,729,311.0,80267.81,0.2847222222222222,0,7,27,0,False,True,False,752.0,693.0,500.0,585.2857142857143,601.2666666666667
2016-07-05,107,457,228.0,52313.64,0.1588785046728972,1,7,27,0,False,True,False,586.0,498.0,439.0,566.8571428571429,601.8666666666667
2016-07-06,177,798,319.0,90143.56,0.4632768361581921,2,7,27,0,False,True,False,327.0,358.0,728.0,634.1428571428571,604.2
2016-07-07,167,531,349.0,60713.79,0.5089820359281437,3,7,27,0,False,True,False,675.0,378.0,534.0,613.5714285714286,604.1
2016-07-08,144,472,324.0,62251.19,0.3541666666666667,4,7,27,0,False,True,False,622.0,686.0,437.0,592.1428571428571,605.2666666666667
2016-07-09,140,619,322.0,72671.31,0.3,5,7,27,1,False,True,False,614.0,341.0,677.0,592.8571428571429,603.3333333333334
2016-07-10,103,448,229.0,55034.73,0.1553398058252427,6,7,27,1,False,True,False,544.0,889.0,615.0,579.1428571428571,597.7666666666667
2016-07-11,171,654,369.0,82362.39,0.3684210526315789,0,7,28,0,False,True,False,729.0,752.0,462.0,568.4285714285714,604.1666666666666
2016-07-12,127,529,270.0,58990.72,0.28346456692913385,1,7,28,0,False,True,False,457.0,586.0,1033.0,578.7142857142857,587.3666666666667
2016-07-13,118,504,274.0,64438.19,0.2288135593220339,2,7,28,0,False,True,False,798.0,327.0,500.0,536.7142857142857,587.5
2016-07-14,159,566,368.0,72804.43,0.44025157232704404,3,7,28,0,False,True,False,531.0,675.0,687.0,541.7142857142857,583.4666666666667
2016-07-15,139,502,323.0,65714.03,0.34532374100719426,4,7,28,0,False,True,False,472.0,622.0,737.0,546.0,575.6333333333333
2016-07-16,172,792,388.0,111499.52,0.37790697674418605,5,7,28,1,False,True,False,619.0,614.0,531.0,570.7142857142857,584.3333333333334
2016-07-17,121,567,276.0,84412.92,0.30578512396694213,6,7,28,1,False,True,False,448.0,544.0,932.0,587.7142857142857,572.1666666666666
2016-07-18,181,767,403.0,105108.73,0.292817679558011,0,7,29,0,False,True,False,654.0,729.0,521.0,603.8571428571429,580.3666666666667
2016-07-19,104,363,220.0,51479.77,0.25961538461538464,1,7,29,0,False,True,False,529.0,457.0,513.0,580.1428571428571,575.3666666666667
2016-07-20,147,419,301.0,49265.12,0.3945578231292517,2,7,29,0,False,True,False,504.0,798.0,693.0,568.0,566.2333333333333
2016-07-21,215,607,455.0,80884.59,0.28837209302325584,3,7,29,0,False,True,False,566.0,531.0,498.0,573.8571428571429,569.8666666666667
2016-07-22,123,418,267.0,51898.99,0.34146341463414637,4,7,29,0,False,True,False,502.0,472.0,358.0,561.8571428571429,571.8666666666667
2016-07-23,193,800,461.0,115193.22,0.3005181347150259,5,7,29,1,False,True,False,792.0,619.0,378.0,563.0,585.9333333333333
2016-07-24,128,532,295.0,70533.03,0.2890625,6,7,29,1,False,True,False,567.0,448.0,686.0,558.0,580.8
2016-07-25,166,733,366.0,95809.98,0.3373493975903614,0,7,30,0,False,True,False,767.0,654.0,341.0,553.1428571428571,593.8666666666667
2016-07-26,110,379,249.0,53285.1,0.2636363636363636,1,7,30,0,False,True,False,363.0,529.0,889.0,555.4285714285714,576.8666666666667
2016-07-27,139,482,310.0,62680.479999999996,0.4244604316546763,2,7,30,0,False,True,False,419.0,504.0,752.0,564.4285714285714,567.8666666666667
2016-07-28,147,474,326.0,57360.9,0.36054421768707484,3,7,30,0,False,True,False,607.0,566.0,586.0,545.4285714285714,564.1333333333333
2016-07-29,104,321,240.0,49646.01,0.19230769230769232,4,7,30,0,False,True,False,418.0,502.0,327.0,531.5714285714286,563.9333333333333
2016-07-30,204,681,431.0,94552.0,0.23039215686274508,5,7,30,1,False,True,False,800.0,792.0,675.0,514.5714285714286,564.1333333333333
2016-07-31,110,502,250.0,68834.64,0.2818181818181818,6,7,30,1,False,True,False,532.0,567.0,622.0,510.2857142857143,560.1333333333333
2016-08-01,211,1014,499.0,151437.76,0.32701421800947866,0,8,31,0,False,True,False,733.0,767.0,614.0,550.4285714285714,573.4666666666667
2016-08-02,127,527,286.0,75722.97,0.2992125984251969,1,8,31,0,False,True,False,379.0,363.0,544.0,571.5714285714286,572.9
2016-08-03,142,613,320.0,82523.18,0.28169014084507044,2,8,31,0,False,True,False,482.0,419.0,729.0,590.2857142857143,569.0333333333333
2016-08-04,170,616,389.0,89653.81999999999,0.4176470588235294,3,8,31,0,False,True,False,474.0,607.0,457.0,610.5714285714286,574.3333333333334
2016-08-05,149,469,338.0,73355.54,0.42953020134228187,4,8,31,0,False,True,False,321.0,418.0,798.0,631.7142857142857,563.3666666666667
2016-08-06,155,622,364.0,92284.22,0.36774193548387096,5,8,31,1,False,True,False,681.0,800.0,531.0,623.2857142857143,566.4
2016-08-07,133,504,321.0,83865.31,0.3233082706766917,6,8,31,1,False,True,False,502.0,532.0,472.0,623.5714285714286,567.4666666666667
2016-08-08,204,939,481.0,137908.98,0.3235294117647059,0,8,32,0,False,True,False,1014.0,733.0,619.0,612.8571428571429,578.1333333333333
2016-08-09,119,494,268.0,71130.12,0.3025210084033613,1,8,32,0,False,True,False,527.0,379.0,448.0,608.1428571428571,579.6666666666666
2016-08-10,136,454,303.0,67389.54,0.45588235294117646,2,8,32,0,False,True,False,613.0,482.0,654.0,585.4285714285714,573.0
2016-08-11,189,579,413.0,81387.03,0.5026455026455027,3,8,32,0,False,True,False,616.0,474.0,529.0,580.1428571428571,574.6666666666666
2016-08-12,167,587,364.0,86389.25,0.31137724550898205,4,8,32,0,False,True,False,469.0,321.0,504.0,597.0,577.4333333333333
2016-08-13,199,735,470.0,112822.24,0.46733668341708545,5,8,32,1,False,True,False,622.0,681.0,566.0,613.1428571428571,583.0666666666667
2016-08-14,134,626,318.0,97063.47,0.31343283582089554,6,8,32,1,False,True,False,504.0,502.0,502.0,630.5714285714286,587.2
2016-08-15,169,743,384.0,121140.73,0.3727810650887574,0,8,33,0,False,True,False,939.0,1014.0,792.0,602.5714285714286,585.5666666666667
2016-08-16,150,606,353.0,97097.98,0.3333333333333333,1,8,33,0,False,True,False,494.0,527.0,567.0,618.5714285714286,586.8666666666667
2016-08-17,140,453,318.0,73296.2,0.38571428571428573,2,8,33,0,False,True,False,454.0,613.0,767.0,618.4285714285714,576.4
2016-08-18,224,645,451.0,85782.0,0.39285714285714285,3,8,33,0,False,True,False,579.0,616.0,363.0,627.8571428571429,585.8
2016-08-19,157,528,367.0,76294.55,0.445859872611465,4,8,33,0,False,True,False,587.0,469.0,419.0,619.4285714285714,589.4333333333333
2016-08-20,188,721,428.0,109482.18000000001,0.2925531914893617,5,8,33,1,False,True,False,735.0,622.0,607.0,617.4285714285714,593.2333333333333
2016-08-21,150,653,344.0,87725.65,0.2733333333333333,6,8,33,1,False,True,False,626.0,504.0,418.0,621.2857142857143,601.0666666666667
2016-08-22,182,810,430.0,125216.59,0.36813186813186816,0,8,34,0,False,True,False,743.0,939.0,800.0,630.8571428571429,601.4
2016-08-23,113,456,257.0,64672.24,0.3274336283185841,1,8,34,0,False,True,False,606.0,494.0,532.0,609.4285714285714,598.8666666666667
2016-08-24,147,528,339.0,75346.75,0.3877551020408163,2,8,34,0,False,True,False,453.0,454.0,733.0,620.1428571428571,592.0333333333333
2016-08-25,165,512,352.0,60452.8,0.40606060606060607,3,8,34,0,False,True,False,645.0,579.0,379.0,601.1428571428571,596.4666666666667
2016-08-26,169,606,379.0,87344.97,0.3727810650887574,4,8,34,0,False,True,False,528.0,587.0,482.0,612.2857142857143,600.6
2016-08-27,134,612,297.0,80732.47,0.417910447761194,5,8,34,1,False,True,False,721.0,735.0,474.0,596.7142857142857,605.2
2016-08-28,164,645,370.0,86646.45,0.3048780487804878,6,8,34,1,False,True,False,653.0,626.0,321.0,595.5714285714286,616.0
2016-08-29,164,730,354.0,88411.77,0.3231707317073171,0,8,35,0,False,True,False,810.0,743.0,681.0,584.1428571428571,617.6333333333333
2016-08-30,131,483,294.0,59173.36,0.33587786259541985,1,8,35,0,False,True,False,456.0,606.0,502.0,588.0,617.0
2016-08-31,125,458,262.0,53092.81,0.264,2,8,35,0,False,True,False,528.0,453.0,1014.0,578.0,598.4666666666667
2016-09-01,191,819,403.0,88690.64,0.41361256544502617,3,9,35,0,False,False,False,512.0,645.0,527.0,621.8571428571429,608.2
2016-09-02,172,608,360.0,72827.88,0.37790697674418605,4,9,35,0,False,False,False,606.0,528.0,613.0,622.1428571428571,608.0333333333333
2016-09-03,177,700,366.0,76810.18,0.3898305084745763,5,9,35,1,False,False,False,612.0,721.0,616.0,634.7142857142857,610.8333333333334
2016-09-04,129,579,277.0,70643.11,0.3875968992248062,6,9,35,1,False,False,False,645.0,653.0,469.0,625.2857142857143,614.5
2016-09-05,180,865,374.0,94511.2,0.28888888888888886,0,9,36,0,False,False,False,730.0,810.0,622.0,644.5714285714286,622.6
2016-09-06,99,429,206.0,54950.61,0.23232323232323232,1,9,36,0,False,False,False,483.0,456.0,504.0,636.8571428571429,620.1
2016-09-07,132,461,223.0,51177.55,0.5681818181818182,2,9,36,0,False,False,False,458.0,528.0,939.0,637.2857142857143,604.1666666666666
2016-09-08,211,630,422.0,70015.37,0.5402843601895735,3,9,36,0,False,False,False,819.0,512.0,494.0,610.2857142857143,608.7
2016-09-09,220,633,436.0,76249.17,0.5636363636363636,4,9,36,0,False,False,False,608.0,606.0,454.0,613.8571428571429,614.6666666666666
2016-09-10,115,452,245.0,52494.1,0.23478260869565218,5,9,36,1,False,False,False,700.0,612.0,579.0,578.4285714285714,610.4333333333333
2016-09-11,172,565,362.0,68770.89,0.29069767441860467,6,9,36,1,False,False,False,579.0,645.0,587.0,576.4285714285714,609.7
2016-09-12,168,497,316.0,54918.07,0.27380952380952384,0,9,37,0,False,False,False,865.0,730.0,735.0,523.8571428571429,601.7666666666667
2016-09-13,165,464,303.0,55144.19,0.10909090909090909,1,9,37,0,False,False,False,429.0,483.0,626.0,528.8571428571429,596.3666666666667
2016-09-14,128,368,240.0,41411.06,0.2890625,2,9,37,0,False,False,False,461.0,458.0,743.0,515.5714285714286,583.8666666666667
2016-09-15,312,890,607.0,98130.78,0.44551282051282054,3,9,37,0,False,False,False,630.0,819.0,606.0,552.7142857142857,593.3333333333334
2016-09-16,215,607,425.0,70007.95,0.4511627906976744,4,9,37,0,False,False,False,633.0,608.0,453.0,549.0,598.4666666666667
2016-09-17,116,354,227.0,42246.32,0.25862068965517243,5,9,37,1,False,False,False,452.0,700.0,645.0,535.0,588.7666666666667
2016-09-18,172,634,339.0,67579.4,0.2558139534883721,6,9,37,1,False,False,False,565.0,579.0,528.0,544.8571428571429,592.3
2016-09-19,228,767,410.0,81939.51,0.37280701754385964,0,9,38,0,False,False,False,497.0,865.0,721.0,583.4285714285714,593.8333333333334
2016-09-20,205,718,417.0,76632.76,0.43414634146341463,1,9,38,0,False,False,False,464.0,429.0,653.0,619.7142857142857,596.0
2016-09-21,207,762,378.0,70113.1,0.24154589371980675,2,9,38,0,False,False,False,368.0,461.0,810.0,676.0,594.4
2016-09-22,192,537,366.0,58865.72,0.40625,3,9,38,0,False,False,False,890.0,630.0,456.0,625.5714285714286,597.1
2016-09-23,140,401,300.0,48192.75,0.2857142857142857,4,9,38,0,False,False,False,607.0,633.0,528.0,596.1428571428571,592.8666666666667
2016-09-24,121,385,274.0,51340.53,0.512396694214876,5,9,38,1,False,False,False,354.0,452.0,512.0,600.5714285714286,588.6333333333333
2016-09-25,155,549,297.0,60699.26,0.2129032258064516,6,9,38,1,False,False,False,634.0,565.0,606.0,588.4285714285714,586.7333333333333
2016-09-26,281,1186,536.0,117390.77,0.4875444839857651,0,9,39,0,False,False,False,767.0,497.0,612.0,648.2857142857143,605.8666666666667
2016-09-27,122,397,227.0,45075.55,0.23770491803278687,1,9,39,0,False,False,False,718.0,464.0,645.0,602.4285714285714,597.6
2016-09-28,135,402,243.0,43985.29,0.25925925925925924,2,9,39,0,False,False,False,762.0,368.0,730.0,551.0,586.6666666666666
2016-09-29,182,552,341.0,53653.27,0.42857142857142855,3,9,39,0,False,False,False,537.0,890.0,483.0,553.1428571428571,588.9666666666667
2016-09-30,286,885,567.0,97960.73,0.5244755244755245,4,9,39,0,False,False,False,401.0,607.0,458.0,622.2857142857143,603.2
2016-10-01,180,541,360.0,54719.98,0.6555555555555556,5,10,39,1,False,False,False,385.0,354.0,819.0,644.5714285714286,593.9333333333333
2016-10-02,150,542,293.0,53785.39,0.2733333333333333,6,10,39,1,False,False,False,549.0,634.0,608.0,643.5714285714286,591.7333333333333
2016-10-03,199,668,386.0,69237.68,0.3417085427135678,0,10,40,0,False,False,False,1186.0,767.0,700.0,569.5714285714286,590.6666666666666
2016-10-04,156,599,301.0,61207.5,0.3782051282051282,1,10,40,0,False,False,False,397.0,718.0,579.0,598.4285714285714,591.3333333333334
2016-10-05,189,604,376.0,59643.89,0.43386243386243384,2,10,40,0,False,False,False,402.0,762.0,865.0,627.2857142857143,582.6333333333333
2016-10-06,288,908,549.0,74230.29,0.3993055555555556,3,10,40,0,False,False,False,552.0,537.0,429.0,678.1428571428571,598.6
2016-10-07,183,513,397.0,59948.49,0.3879781420765027,4,10,40,0,False,False,False,885.0,401.0,461.0,625.0,600.3333333333334
2016-10-08,128,490,262.0,43539.55,0.4765625,5,10,40,1,False,False,False,541.0,385.0,630.0,617.7142857142857,595.6666666666666
2016-10-09,213,652,406.0,53744.92,0.3474178403755869,6,10,40,1,False,False,False,542.0,549.0,633.0,633.4285714285714,596.3
2016-10-10,213,500,330.0,55843.78,0.3192488262910798,0,10,41,0,False,False,False,668.0,1186.0,452.0,609.4285714285714,597.9
2016-10-11,182,452,276.0,44378.17,0.2857142857142857,1,10,41,0,False,False,False,599.0,397.0,565.0,588.4285714285714,594.1333333333333
2016-10-12,255,833,468.0,73224.29,0.4235294117647059,2,10,41,0,False,False,False,604.0,402.0,497.0,621.1428571428571,605.3333333333334
2016-10-13,344,881,552.0,86332.58,0.5813953488372093,3,10,41,0,False,False,False,908.0,552.0,464.0,617.2857142857143,619.2333333333333
2016-10-14,194,610,336.0,58666.74,0.25257731958762886,4,10,41,0,False,False,False,513.0,885.0,368.0,631.1428571428571,627.3
2016-10-15,129,459,261.0,53003.3,0.5736434108527132,5,10,41,1,False,False,False,490.0,541.0,890.0,626.7142857142857,612.9333333333333
2016-10-16,281,967,550.0,89862.28,0.47686832740213525,6,10,41,1,False,False,False,652.0,542.0,607.0,671.7142857142857,624.9333333333333
2016-10-17,179,620,344.0,64562.19,0.4022346368715084,0,10,42,0,False,False,False,500.0,668.0,354.0,688.8571428571429,633.8
2016-10-18,136,388,255.0,35419.77,0.3014705882352941,1,10,42,0,False,False,False,452.0,599.0,634.0,679.7142857142857,625.6
2016-10-19,124,386,234.0,37289.23,0.3064516129032258,2,10,42,0,False,False,False,833.0,604.0,767.0,615.8571428571429,612.9
2016-10-20,245,774,490.0,61932.49,0.3877551020408163,3,10,42,0,False,False,False,881.0,908.0,718.0,600.5714285714286,614.7666666666667
2016-10-21,246,714,533.0,72677.49,0.5813008130081301,4,10,42,0,False,False,False,610.0,513.0,762.0,615.4285714285714,613.1666666666666
2016-10-22,174,697,384.0,64114.81,0.5862068965517241,5,10,42,1,False,False,False,459.0,490.0,537.0,649.4285714285714,618.5
2016-10-23,190,618,360.0,54913.409999999996,0.13157894736842105,6,10,42,1,False,False,False,967.0,652.0,401.0,599.5714285714286,625.7333333333333
2016-10-24,136,513,277.0,44563.75,0.2647058823529412,0,10,43,0,False,False,False,620.0,500.0,385.0,584.2857142857143,630.0
2016-10-25,155,473,294.0,44341.63,0.18064516129032257,1,10,43,0,False,False,False,388.0,452.0,549.0,596.4285714285714,627.4666666666667
2016-10-26,156,511,285.0,42959.1,0.32051282051282054,2,10,43,0,False,False,False,386.0,833.0,1186.0,614.2857142857143,604.9666666666667
2016-10-27,193,587,372.0,47229.13,0.5129533678756477,3,10,43,0,False,False,False,774.0,881.0,397.0,587.5714285714286,611.3
2016-10-28,332,909,686.0,87625.49,0.5512048192771084,4,10,43,0,False,False,False,714.0,610.0,402.0,615.4285714285714,628.2
2016-10-29,237,756,504.0,65489.44,0.34177215189873417,5,10,43,1,False,False,False,697.0,459.0,552.0,623.8571428571429,635.0
2016-10-30,212,713,412.0,59804.85,0.3915094339622642,6,10,43,1,False,False,False,618.0,967.0,885.0,637.4285714285714,629.2666666666667
2016-10-31,144,559,313.0,44114.1,0.20833333333333334,0,10,44,0,False,False,False,513.0,620.0,541.0,644.0,629.8666666666667
2016-11-01,211,708,336.0,64642.09,0.6113744075829384,1,11,44,0,False,False,False,473.0,388.0,542.0,677.5714285714286,635.4
2016-11-02,143,526,256.0,44861.57,0.20279720279720279,2,11,44,0,False,False,False,511.0,386.0,668.0,679.7142857142857,630.6666666666666
2016-11-03,212,610,409.0,51409.36,0.5707547169811321,3,11,44,0,False,False,False,587.0,774.0,599.0,683.0,631.0333333333333
2016-11-04,237,709,461.0,61329.08,0.5443037974683544,4,11,44,0,False,False,False,909.0,714.0,604.0,654.4285714285714,634.5333333333333
2016-11-05,210,535,371.0,40238.15,0.5142857142857142,5,11,44,1,False,False,False,756.0,697.0,908.0,622.8571428571429,622.1
2016-11-06,122,514,189.0,57839.61,0.2459016393442623,6,11,44,1,False,False,False,713.0,618.0,513.0,594.4285714285714,622.1333333333333
2016-11-07,334,1042,586.0,116700.99,0.6137724550898204,0,11,45,0,False,False,False,559.0,513.0,490.0,663.4285714285714,640.5333333333333
2016-11-08,86,267,136.0,21795.72,0.13953488372093023,1,11,45,0,False,False,False,708.0,473.0,652.0,600.4285714285714,627.7
2016-11-09,75,230,130.0,19844.18,0.17333333333333334,2,11,45,0,False,False,False,526.0,511.0,500.0,558.1428571428571,618.7
2016-11-10,129,403,246.0,32042.23,0.21705426356589147,3,11,45,0,False,False,False,610.0,587.0,452.0,528.5714285714286,617.0666666666667
2016-11-11,208,569,408.0,45529.82,0.3173076923076923,4,11,45,0,False,False,False,709.0,909.0,833.0,508.57142857142856,608.2666666666667
2016-11-12,142,537,287.0,38230.67,0.3380281690140845,5,11,45,1,False,False,False,535.0,756.0,881.0,508.85714285714283,596.8
2016-11-13,126,527,231.0,40221.590000000004,0.21428571428571427,6,11,45,1,False,False,False,514.0,713.0,610.0,510.7142857142857,594.0333333333333
2016-11-14,141,495,246.0,35709.41,0.1773049645390071,0,11,46,0,False,False,False,1042.0,559.0,459.0,432.57142857142856,595.2333333333333
2016-11-15,95,264,149.0,18530.0,0.14736842105263157,1,11,46,0,False,False,False,267.0,708.0,967.0,432.14285714285717,571.8
2016-11-16,129,431,223.0,32411.35,0.27906976744186046,2,11,46,0,False,False,False,230.0,526.0,620.0,460.85714285714283,565.5
2016-11-17,141,480,270.0,34060.59,0.2907801418439716,3,11,46,0,False,False,False,403.0,610.0,388.0,471.85714285714283,568.5666666666667
2016-11-18,203,571,399.0,43210.14,0.3497536945812808,4,11,46,0,False,False,False,569.0,709.0,386.0,472.14285714285717,574.7333333333333
2016-11-19,136,449,264.0,32321.39,0.2647058823529412,5,11,46,1,False,False,False,537.0,535.0,774.0,459.57142857142856,563.9
2016-11-20,90,322,153.0,23808.64,0.35555555555555557,6,11,46,1,False,False,False,527.0,514.0,714.0,430.2857142857143,550.8333333333334
2016-11-21,181,497,266.0,36869.54,0.18232044198895028,0,11,47,0,False,False,False,495.0,1042.0,697.0,430.57142857142856,544.1666666666666
2016-11-22,76,209,138.0,15789.58,0.27631578947368424,1,11,47,0,False,False,False,264.0,267.0,618.0,422.7142857142857,530.5333333333333
2016-11-23,101,277,159.0,19529.3,0.2079207920792079,2,11,47,0,False,False,False,431.0,230.0,513.0,400.7142857142857,522.6666666666666
2016-11-24,101,290,183.0,21521.36,0.21782178217821782,3,11,47,0,False,False,False,480.0,403.0,473.0,373.57142857142856,516.5666666666667
2016-11-25,190,429,385.0,34287.02,0.3473684210526316,4,11,47,0,False,False,False,571.0,569.0,511.0,353.2857142857143,513.8333333333334
2016-11-26,117,292,247.0,19564.06,0.3076923076923077,5,11,47,1,False,False,False,449.0,537.0,587.0,330.85714285714283,504.0
2016-11-27,81,325,151.0,24739.27,0.4074074074074074,6,11,47,1,False,False,False,322.0,527.0,909.0,331.2857142857143,484.53333333333336
2016-11-28,117,278,179.0,18704.36,0.26495726495726496,0,11,48,0,False,False,False,497.0,495.0,756.0,300.0,468.6
2016-11-29,106,262,177.0,19001.79,0.330188679245283,1,11,48,0,False,False,False,209.0,264.0,713.0,307.57142857142856,453.56666666666666
2016-11-30,66,172,121.0,12934.88,0.2727272727272727,2,11,48,0,False,False,False,277.0,431.0,559.0,292.57142857142856,440.6666666666667
2016-12-01,157,576,276.0,43547.93,0.5159235668789809,3,12,48,0,False,False,True,290.0,480.0,708.0,333.42857142857144,436.26666666666665
2016-12-02,195,501,403.0,39904.5,0.39487179487179486,4,12,48,0,False,False,True,429.0,571.0,526.0,343.7142857142857,435.43333333333334
2016-12-03,187,515,388.0,45328.2,0.3689839572192513,5,12,48,1,False,False,True,292.0,449.0,610.0,375.57142857142856,432.26666666666665
2016-12-04,85,277,175.0,23473.54,0.3411764705882353,6,12,48,1,False,False,True,325.0,322.0,709.0,368.7142857142857,417.8666666666667
2016-12-05,141,452,251.0,34346.39,0.2198581560283688,0,12,49,0,False,False,True,278.0,497.0,535.0,393.57142857142856,415.1
2016-12-06,91,249,180.0,21579.61,0.4065934065934066,1,12,49,0,False,False,True,262.0,209.0,514.0,391.7142857142857,406.26666666666665
2016-12-07,117,392,235.0,32944.75,0.4017094017094017,2,12,49,0,False,False,True,172.0,277.0,1042.0,423.14285714285717,384.6
2016-12-08,220,689,458.0,57579.96,0.31363636363636366,3,12,49,0,False,False,True,576.0,290.0,267.0,439.2857142857143,398.6666666666667
2016-12-09,116,312,227.0,24480.89,0.4051724137931034,4,12,49,0,False,False,True,501.0,429.0,230.0,412.2857142857143,401.4
2016-12-10,98,259,213.0,20550.37,0.2755102040816326,5,12,49,1,False,False,True,515.0,292.0,403.0,375.7142857142857,396.6
2016-12-11,39,92,79.0,6895.48,0.20512820512820512,6,12,49,1,False,False,True,277.0,325.0,569.0,349.2857142857143,380.7
2016-12-12,77,237,122.0,16245.960000000001,0.2857142857142857,0,12,50,0,False,False,True,452.0,278.0,537.0,318.57142857142856,370.7
2016-12-13,75,190,119.0,14346.91,0.14666666666666667,1,12,50,0,False,False,True,249.0,262.0,527.0,310.14285714285717,359.46666666666664
2016-12-14,77,165,109.0,12088.869999999999,0.14285714285714285,2,12,50,0,False,False,True,392.0,172.0,495.0,277.7142857142857,348.46666666666664
2016-12-15,76,237,132.0,17276.78,0.35526315789473684,3,12,50,0,False,False,True,689.0,576.0,264.0,213.14285714285714,347.56666666666666
2016-12-16,141,339,264.0,25574.36,0.4326241134751773,4,12,50,0,False,False,True,312.0,501.0,431.0,217.0,344.5
2016-12-17,108,325,209.0,23724.08,0.25,5,12,50,1,False,False,True,259.0,515.0,480.0,226.42857142857142,339.3333333333333
2016-12-18,61,214,123.0,16795.43,0.18032786885245902,6,12,50,1,False,False,True,92.0,277.0,571.0,243.85714285714286,327.43333333333334
2016-12-19,98,305,179.0,22230.33,0.2653061224489796,0,12,51,0,False,False,True,237.0,452.0,449.0,253.57142857142858,322.6333333333333
2016-12-20,77,298,146.0,23422.95,0.3246753246753247,1,12,51,0,False,False,True,190.0,249.0,322.0,269.0,321.8333333333333
2016-12-21,85,337,166.0,30019.03,0.29411764705882354,2,12,51,0,False,False,True,165.0,392.0,497.0,293.57142857142856,316.5
2016-12-22,107,524,211.0,40687.03,0.3644859813084112,3,12,51,0,False,False,True,237.0,689.0,209.0,334.57142857142856,327.0
2016-12-23,125,539,278.0,43960.97,0.384,4,12,51,0,False,False,True,339.0,312.0,277.0,363.14285714285717,335.73333333333335
2016-12-24,123,507,254.0,42798.11,0.3089430894308943,5,12,51,1,False,False,True,325.0,259.0,290.0,389.14285714285717,342.96666666666664
2016-12-25,68,249,158.0,21901.66,0.2647058823529412,6,12,51,1,False,False,True,214.0,92.0,429.0,394.14285714285717,336.96666666666664
2016-12-26,163,710,371.0,66720.48,0.5644171779141104,0,12,52,0,False,False,True,305.0,237.0,292.0,452.0,350.9
2016-12-27,213,811,458.0,66654.31,0.2863849765258216,1,12,52,0,False,False,True,298.0,190.0,325.0,525.2857142857143,367.1
2016-12-28,148,666,315.0,69113.95,0.42567567567567566,2,12,52,0,False,False,True,337.0,165.0,278.0,572.2857142857143,380.03333333333336
2016-12-29,145,591,297.0,60167.49,0.35172413793103446,3,12,52,0,False,False,True,524.0,237.0,262.0,581.8571428571429,391.0
2016-12-30,204,571,445.0,74672.1,0.4215686274509804,4,12,52,0,False,False,True,539.0,339.0,172.0,586.4285714285714,404.3
2016-12-31,71,225,156.0,27104.35,0.352112676056338,5,12,52,1,False,False,True,507.0,325.0,576.0,546.1428571428571,392.6
2017-01-01,127,390,270.0,32707.98,0.3858267716535433,6,1,52,1,False,False,True,249.0,214.0,501.0,566.2857142857143,388.9
2017-01-02,177,616,375.0,54168.89,0.3333333333333333,0,1,1,0,False,False,True,710.0,305.0,515.0,552.8571428571429,392.26666666666665
2017-01-03,122,420,254.0,36795.92,0.3524590163934426,1,1,1,0,False,False,True,811.0,298.0,277.0,497.0,397.03333333333336
2017-01-04,95,310,183.0,22134.329999999998,0.3368421052631579,2,1,1,0,False,False,True,666.0,337.0,452.0,446.14285714285717,392.3
2017-01-05,78,246,157.0,19166.809999999998,0.24358974358974358,3,1,1,0,False,False,True,591.0,524.0,249.0,396.85714285714283,392.2
2017-01-06,110,347,237.0,27078.3,0.35454545454545455,4,1,1,0,False,False,True,571.0,539.0,392.0,364.85714285714283,390.7
2017-01-07,79,272,160.0,19370.97,0.16455696202531644,5,1,1,1,False,False,True,225.0,507.0,689.0,371.57142857142856,376.8
2017-01-08,108,348,169.0,25589.170000000002,0.46296296296296297,6,1,1,1,False,False,True,390.0,249.0,312.0,365.57142857142856,378.0
2017-01-09,75,263,132.0,17053.03,0.18666666666666668,0,1,2,0,False,False,True,616.0,710.0,259.0,315.14285714285717,378.1333333333333
2017-01-10,95,249,153.0,16561.76,0.12631578947368421,1,1,2,0,False,False,True,420.0,811.0,92.0,290.7142857142857,383.3666666666667
2017-01-11,61,163,104.0,11919.71,0.2459016393442623,2,1,2,0,False,False,True,310.0,666.0,237.0,269.7142857142857,380.9
2017-01-12,120,314,206.0,22225.55,0.24166666666666667,3,1,2,0,False,False,True,246.0,591.0,190.0,279.42857142857144,385.03333333333336
2017-01-13,90,196,188.0,16338.24,0.35555555555555557,4,1,2,0,False,False,True,347.0,571.0,165.0,257.85714285714283,386.06666666666666
2017-01-14,242,476,385.0,36058.0,0.5991735537190083,5,1,2,1,False,False,True,272.0,225.0,237.0,287.0,394.03333333333336
2017-01-15,63,314,119.0,26472.31,0.2698412698412698,6,1,2,1,False,False,True,348.0,390.0,339.0,282.14285714285717,393.2
2017-01-16,191,589,257.0,40595.01,0.19895287958115182,0,1,3,0,False,False,True,263.0,616.0,325.0,328.7142857142857,402.0
2017-01-17,69,150,104.0,11672.93,0.14492753623188406,1,1,3,0,False,False,True,249.0,420.0,214.0,314.57142857142856,399.8666666666667
2017-01-18,219,575,327.0,43648.07,0.3881278538812785,2,1,3,0,False,False,True,163.0,310.0,305.0,373.42857142857144,408.8666666666667
2017-01-19,106,380,205.0,29014.42,0.16981132075471697,3,1,3,0,False,False,True,314.0,246.0,298.0,382.85714285714283,411.6
2017-01-20,82,208,171.0,18578.05,0.36585365853658536,4,1,3,0,False,False,True,196.0,347.0,337.0,384.57142857142856,407.3
2017-01-21,111,338,227.0,24881.42,0.3153153153153153,5,1,3,1,False,False,True,476.0,272.0,524.0,364.85714285714283,401.1
2017-01-22,88,334,158.0,25935.04,0.2159090909090909,6,1,3,1,False,False,True,314.0,348.0,539.0,367.7142857142857,394.26666666666665
2017-01-23,170,464,318.0,36411.58,0.6,0,1,4,0,False,False,True,589.0,263.0,507.0,349.85714285714283,392.8333333333333
2017-01-24,84,227,135.0,17290.47,0.2261904761904762,1,1,4,0,False,False,True,150.0,249.0,249.0,360.85714285714283,392.1
2017-01-25,187,429,316.0,32622.05,0.5187165775401069,2,1,4,0,False,False,True,575.0,163.0,710.0,340.0,382.73333333333335
2017-01-26,97,286,176.0,18445.37,0.15463917525773196,3,1,4,0,False,False,True,380.0,314.0,811.0,326.57142857142856,365.23333333333335
2017-01-27,148,367,285.0,24454.39,0.20945945945945946,4,1,4,0,False,False,True,208.0,196.0,666.0,349.2857142857143,355.26666666666665
2017-01-28,110,257,239.0,20179.11,0.3090909090909091,5,1,4,1,False,False,True,338.0,476.0,591.0,337.7142857142857,344.1333333333333
2017-01-29,69,253,135.0,17905.72,0.18840579710144928,6,1,4,1,False,False,True,334.0,314.0,571.0,326.14285714285717,333.53333333333336
2017-01-30,110,317,193.0,23522.44,0.23636363636363636,0,1,5,0,False,False,True,464.0,589.0,225.0,305.14285714285717,336.6
2017-01-31,74,180,113.0,12815.09,0.14864864864864866,1,1,5,0,False,False,True,227.0,150.0,390.0,298.42857142857144,329.6
2017-02-01,152,458,273.0,31397.64,0.625,2,2,5,0,False,False,True,429.0,575.0,616.0,302.57142857142856,324.3333333333333
2017-02-02,113,345,203.0,27388.02,0.22123893805309736,3,2,5,0,False,False,True,286.0,380.0,420.0,311.0,321.8333333333333
2017-02-03,118,257,224.0,20671.27,0.3050847457627119,4,2,5,0,False,False,True,367.0,208.0,310.0,295.2857142857143,320.06666666666666
2017-02-04,150,469,299.0,30926.33,0.22666666666666666,5,2,5,1,False,False,True,257.0,338.0,246.0,325.57142857142856,327.5
2017-02-05,90,412,159.0,31139.38,0.2,6,2,5,1,False,False,True,253.0,334.0,347.0,348.2857142857143,329.6666666666667
2017-02-06,107,320,205.0,23115.6,0.2336448598130841,0,2,6,0,False,False,True,317.0,464.0,272.0,348.7142857142857,331.26666666666665
2017-02-07,78,222,144.0,18223.2,0.23076923076923078,1,2,6,0,False,False,True,180.0,227.0,348.0,354.7142857142857,327.06666666666666
2017-02-08,71,204,121.0,13739.53,0.11267605633802817,2,2,6,0,False,False,True,458.0,429.0,263.0,318.42857142857144,325.1
2017-02-09,128,433,253.0,35119.73,0.21875,3,2,6,0,False,False,True,345.0,286.0,249.0,331.0,331.23333333333335
2017-02-10,186,589,390.0,46353.2,0.43010752688172044,4,2,6,0,False,False,True,257.0,367.0,163.0,378.42857142857144,345.43333333333334
2017-02-11,128,404,275.0,32427.77,0.3125,5,2,6,1,False,False,True,469.0,257.0,314.0,369.14285714285717,348.43333333333334
2017-02-12,200,663,420.0,58089.15,0.49,6,2,6,1,False,False,True,412.0,253.0,196.0,405.0,364.0
2017-02-13,190,650,367.0,52884.77,0.23684210526315788,0,2,7,0,False,False,True,320.0,317.0,476.0,452.14285714285717,369.8
2017-02-14,151,337,295.0,27910.47,0.3443708609271523,1,2,7,0,False,False,True,222.0,180.0,314.0,468.57142857142856,370.56666666666666
2017-02-15,145,492,272.0,40745.85,0.1793103448275862,2,2,7,0,False,False,True,204.0,458.0,589.0,509.7142857142857,367.3333333333333
2017-02-16,110,402,219.0,31947.73,0.2727272727272727,3,2,7,0,False,False,True,433.0,345.0,150.0,505.2857142857143,375.73333333333335
2017-02-17,208,595,432.0,46692.22,0.39903846153846156,4,2,7,0,False,False,True,589.0,257.0,575.0,506.14285714285717,376.4
2017-02-18,128,395,288.0,30328.88,0.296875,5,2,7,1,False,False,True,404.0,469.0,380.0,504.85714285714283,376.9
2017-02-19,133,493,268.0,37555.12,0.2556390977443609,6,2,7,1,False,False,True,663.0,412.0,208.0,480.57142857142856,386.4
2017-02-20,173,544,306.0,43704.98,0.3583815028901734,0,2,8,0,False,False,True,650.0,320.0,338.0,465.42857142857144,393.26666666666665
2017-02-21,105,331,189.0,23645.96,0.20952380952380953,1,2,8,0,False,False,True,337.0,222.0,334.0,464.57142857142856,393.1666666666667
2017-02-22,166,475,264.0,32803.7,0.19879518072289157,2,2,8,0,False,False,True,492.0,204.0,464.0,462.14285714285717,393.53333333333336
2017-02-23,152,460,291.0,35337.72,0.34868421052631576,3,2,8,0,False,False,True,402.0,433.0,227.0,470.42857142857144,401.3
2017-02-24,151,434,315.0,36339.53,0.3509933774834437,4,2,8,0,False,False,True,595.0,589.0,429.0,447.42857142857144,401.46666666666664
2017-02-25,310,659,549.0,53562.44,0.4032258064516129,5,2,8,1,False,False,True,395.0,404.0,286.0,485.14285714285717,413.9
2017-02-26,183,626,362.0,51590.95,0.25136612021857924,6,2,8,1,False,False,True,493.0,663.0,367.0,504.14285714285717,422.53333333333336
2017-02-27,130,412,275.0,37299.36,0.23846153846153847,0,2,9,0,False,False,True,544.0,650.0,257.0,485.2857142857143,427.7
2017-02-28,102,267,200.0,19214.22,0.35294117647058826,1,2,9,0,False,False,True,331.0,337.0,253.0,476.14285714285717,428.1666666666667
2017-03-01,105,370,197.0,26558.57,0.17142857142857143,2,3,9,0,True,False,False,475.0,492.0,317.0,461.14285714285717,429.93333333333334
2017-03-02,318,1011,597.0,76030.94,0.4371069182389937,3,3,9,0,True,False,False,460.0,402.0,180.0,539.8571428571429,457.6333333333333
2017-03-03,134,354,260.0,32260.56,0.291044776119403,4,3,9,0,True,False,False,434.0,595.0,458.0,528.4285714285714,454.1666666666667
2017-03-04,82,264,171.0,24159.56,0.3048780487804878,5,3,9,1,True,False,False,659.0,395.0,345.0,472.0,451.46666666666664
2017-03-05,179,897,320.0,60283.51,0.29608938547486036,6,3,9,1,True,False,False,626.0,493.0,257.0,510.7142857142857,472.8
2017-03-06,156,445,269.0,35670.53,0.20512820512820512,0,3,10,0,True,False,False,412.0,544.0,469.0,515.4285714285714,472.0
2017-03-07,125,424,222.0,34323.08,0.24,1,3,10,0,True,False,False,267.0,331.0,412.0,537.8571428571429,472.4
2017-03-08,93,291,158.0,24188.33,0.27956989247311825,2,3,10,0,True,False,False,370.0,475.0,320.0,526.5714285714286,471.43333333333334
2017-03-09,191,556,362.0,41637.07,0.42408376963350786,3,3,10,0,True,False,False,1011.0,460.0,222.0,461.57142857142856,482.56666666666666
2017-03-10,175,495,354.0,43720.63,0.25142857142857145,4,3,10,0,True,False,False,354.0,434.0,204.0,481.7142857142857,492.26666666666665
2017-03-11,172,722,333.0,51089.39,0.4011627906976744,5,3,10,1,True,False,False,264.0,659.0,433.0,547.1428571428571,501.9
2017-03-12,115,544,208.0,35260.48,0.30434782608695654,6,3,10,1,True,False,False,897.0,626.0,589.0,496.7142857142857,500.4
2017-03-13,214,572,336.0,50163.39,0.38317757009345793,0,3,11,0,True,False,False,445.0,412.0,404.0,514.8571428571429,506.0
2017-03-14,152,473,242.0,35108.09,0.3223684210526316,1,3,11,0,True,False,False,424.0,267.0,663.0,521.8571428571429,499.6666666666667
2017-03-15,218,644,365.0,52545.58,0.5137614678899083,2,3,11,0,True,False,False,291.0,370.0,650.0,572.2857142857143,499.46666666666664
2017-03-16,156,575,295.0,46435.73,0.2564102564102564,3,3,11,0,True,False,False,556.0,1011.0,337.0,575.0,507.4
2017-03-17,144,412,315.0,38584.96,0.3402777777777778,4,3,11,0,True,False,False,495.0,354.0,492.0,563.1428571428571,504.73333333333335
2017-03-18,120,394,250.0,33462.58,0.26666666666666666,5,3,11,1,True,False,False,722.0,264.0,402.0,516.2857142857143,504.46666666666664
2017-03-19,141,637,257.0,45811.8,0.15602836879432624,6,3,11,1,True,False,False,544.0,897.0,595.0,529.5714285714286,505.8666666666667
2017-03-20,167,548,287.0,46614.2,0.19161676646706588,0,3,12,0,True,False,False,572.0,445.0,395.0,526.1428571428571,510.96666666666664
2017-03-21,152,527,285.0,43284.17,0.5394736842105263,1,3,12,0,True,False,False,473.0,424.0,493.0,533.8571428571429,512.1
2017-03-22,89,257,161.0,25550.32,0.3146067415730337,2,3,12,0,True,False,False,644.0,291.0,544.0,478.57142857142856,502.53333333333336
2017-03-23,129,423,239.0,38716.76,0.3023255813953488,3,3,12,0,True,False,False,575.0,556.0,331.0,456.85714285714283,505.6
2017-03-24,186,561,334.0,47652.71,0.3118279569892473,4,3,12,0,True,False,False,412.0,495.0,475.0,478.14285714285717,508.46666666666664
2017-03-25,142,522,297.0,40830.53,0.352112676056338,5,3,12,1,True,False,False,394.0,722.0,460.0,496.42857142857144,510.53333333333336
2017-03-26,126,511,241.0,44218.71,0.2619047619047619,6,3,12,1,True,False,False,637.0,544.0,434.0,478.42857142857144,513.1
2017-03-27,183,518,340.0,42636.51,0.3770491803278688,0,3,13,0,True,False,False,548.0,572.0,659.0,474.14285714285717,508.4
2017-03-28,87,339,158.0,26403.8,0.22988505747126436,1,3,13,0,True,False,False,527.0,473.0,626.0,447.2857142857143,498.8333333333333
2017-03-29,154,437,268.0,35518.84,0.15584415584415584,2,3,13,0,True,False,False,257.0,644.0,412.0,473.0,499.6666666666667
2017-03-30,159,555,289.0,50208.96,0.23270440251572327,3,3,13,0,True,False,False,423.0,575.0,267.0,491.85714285714283,509.26666666666665
2017-03-31,212,632,419.0,61863.28,0.3915094339622642,4,3,13,0,True,False,False,561.0,412.0,370.0,502.0,518.0
2017-04-01,131,521,292.0,56271.87,0.3511450381679389,5,4,13,1,True,False,False,522.0,394.0,1011.0,501.85714285714283,501.6666666666667
2017-04-02,96,367,196.0,38384.52,0.21875,6,4,13,1,True,False,False,511.0,637.0,354.0,481.2857142857143,502.1
2017-04-03,229,743,422.0,74315.79,0.3930131004366812,0,4,14,0,True,False,False,518.0,548.0,264.0,513.4285714285714,518.0666666666667
2017-04-04,123,361,250.0,40511.02,0.5121951219512195,1,4,14,0,True,False,False,339.0,527.0,897.0,516.5714285714286,500.2
2017-04-05,251,874,438.0,74809.51,0.3705179282868526,2,4,14,0,True,False,False,437.0,257.0,445.0,579.0,514.5
2017-04-06,228,708,397.0,78534.55,0.5921052631578947,3,4,14,0,True,False,False,555.0,423.0,424.0,600.8571428571429,523.9666666666667
2017-04-07,124,361,280.0,44636.52,0.3629032258064516,4,4,14,0,True,False,False,632.0,561.0,291.0,562.1428571428571,526.3
2017-04-08,199,886,442.0,96261.32,0.4472361809045226,5,4,14,1,True,False,False,521.0,522.0,556.0,614.2857142857143,537.3
2017-04-09,272,1089,586.0,116154.70999999999,0.49264705882352944,6,4,14,1,True,False,False,367.0,511.0,495.0,717.4285714285714,557.1
2017-04-10,174,606,373.0,69753.08,0.3390804597701149,0,4,15,0,True,False,False,743.0,518.0,722.0,697.8571428571429,553.2333333333333
2017-04-11,136,468,294.0,57324.36,0.25735294117647056,1,4,15,0,True,False,False,361.0,339.0,544.0,713.1428571428571,550.7
2017-04-12,132,454,300.0,58172.75,0.3484848484848485,2,4,15,0,True,False,False,874.0,437.0,572.0,653.1428571428571,546.7666666666667
2017-04-13,241,862,541.0,105616.44,0.4730290456431535,3,4,15,0,True,False,False,708.0,555.0,473.0,675.1428571428571,559.7333333333333
2017-04-14,224,747,486.0,86083.54,0.4642857142857143,4,4,15,0,True,False,False,361.0,632.0,644.0,730.2857142857143,563.1666666666666
2017-04-15,228,841,487.0,93140.19,0.5657894736842105,5,4,15,1,True,False,False,886.0,521.0,575.0,723.8571428571429,572.0333333333333
2017-04-16,166,701,357.0,76183.9,0.4879518072289157,6,4,15,1,True,False,False,1089.0,367.0,412.0,668.4285714285714,581.6666666666666
2017-04-17,173,608,365.0,70563.58,0.3236994219653179,0,4,16,0,True,False,False,606.0,743.0,394.0,668.7142857142857,588.8
2017-04-18,136,398,249.0,41880.21,0.34558823529411764,1,4,16,0,True,False,False,468.0,361.0,637.0,658.7142857142857,580.8333333333334
2017-04-19,148,543,284.0,61857.37,0.22972972972972974,2,4,16,0,True,False,False,454.0,874.0,548.0,671.4285714285714,580.6666666666666
2017-04-20,156,536,292.0,54621.43,0.3782051282051282,3,4,16,0,True,False,False,862.0,708.0,527.0,624.8571428571429,580.9666666666667
2017-04-21,222,695,463.0,80225.56,0.5540540540540541,4,4,16,0,True,False,False,747.0,361.0,257.0,617.4285714285714,595.5666666666667
2017-04-22,222,1061,448.0,106185.18,0.5315315315315315,5,4,16,1,True,False,False,841.0,886.0,423.0,648.8571428571429,616.8333333333334
2017-04-23,168,721,324.0,66690.17,0.35714285714285715,6,4,16,1,True,False,False,701.0,1089.0,561.0,651.7142857142857,622.1666666666666
2017-04-24,129,481,253.0,55110.229999999996,0.2558139534883721,0,4,17,0,True,False,False,608.0,606.0,522.0,633.5714285714286,620.8
2017-04-25,109,280,205.0,32610.18,0.3119266055045872,1,4,17,0,True,False,False,398.0,468.0,511.0,616.7142857142857,613.1
2017-04-26,267,785,522.0,89359.98,0.7265917602996255,2,4,17,0,True,False,False,543.0,454.0,518.0,651.2857142857143,622.0
2017-04-27,195,590,369.0,68481.14,0.46153846153846156,3,4,17,0,True,False,False,536.0,862.0,339.0,659.0,630.3666666666667
2017-04-28,259,796,526.0,96703.71,0.3783783783783784,4,4,17,0,True,False,False,695.0,747.0,437.0,673.4285714285714,642.3333333333334
2017-04-29,329,1052,693.0,107234.91,0.48632218844984804,5,4,17,1,True,False,False,1061.0,841.0,555.0,672.1428571428571,658.9
2017-04-30,153,657,301.0,63605.78,0.35947712418300654,6,4,17,1,True,False,False,721.0,701.0,632.0,663.0,659.7333333333333
2017-05-01,205,823,411.0,97718.79,0.4292682926829268,0,5,18,0,True,False,False,481.0,608.0,521.0,711.8571428571429,669.8
2017-05-02,173,622,315.0,67297.36,0.24277456647398843,1,5,18,0,True,False,False,280.0,398.0,367.0,760.7142857142857,678.3
2017-05-03,211,672,392.0,73447.27,0.5687203791469194,2,5,18,0,True,False,False,785.0,543.0,743.0,744.5714285714286,675.9333333333333
2017-05-04,261,842,504.0,85517.22,0.5900383141762452,3,5,18,0,True,False,False,590.0,536.0,361.0,780.5714285714286,691.9666666666667
2017-05-05,256,755,521.0,89047.19,0.48046875,4,5,18,0,True,False,False,796.0,695.0,874.0,774.7142857142857,688.0
2017-05-06,221,783,435.0,89071.14,0.5158371040723982,5,5,18,1,True,False,False,1052.0,1061.0,708.0,736.2857142857143,690.5
2017-05-07,135,558,258.0,62152.84,0.35555555555555557,6,5,18,1,True,False,False,657.0,721.0,361.0,722.1428571428571,697.0666666666667
2017-05-08,221,849,388.0,92508.93,0.38009049773755654,0,5,19,0,True,False,False,823.0,481.0,886.0,725.8571428571429,695.8333333333334
2017-05-09,217,601,392.0,63279.31,0.3548387096774194,1,5,19,0,True,False,False,622.0,280.0,1089.0,722.8571428571429,679.5666666666667
2017-05-10,153,461,282.0,53677.32,0.46405228758169936,2,5,19,0,True,False,False,672.0,785.0,606.0,692.7142857142857,674.7333333333333
2017-05-11,203,692,403.0,84265.2,0.3793103448275862,3,5,19,0,True,False,False,842.0,590.0,468.0,671.2857142857143,682.2
2017-05-12,149,454,305.0,58810.5,0.35570469798657717,4,5,19,0,True,False,False,755.0,796.0,454.0,628.2857142857143,682.2
2017-05-13,183,712,373.0,77554.65,0.4207650273224044,5,5,19,1,True,False,False,783.0,1052.0,862.0,618.1428571428571,677.2
2017-05-14,162,632,273.0,67842.76,0.21604938271604937,6,5,19,1,True,False,False,558.0,657.0,747.0,628.7142857142857,673.3666666666667
2017-05-15,320,1064,485.0,137549.17,0.61875,0,5,20,0,True,False,False,849.0,823.0,841.0,659.4285714285714,680.8
2017-05-16,137,522,257.0,57308.340000000004,0.3357664233576642,1,5,20,0,True,False,False,601.0,622.0,701.0,648.1428571428571,674.8333333333334
2017-05-17,155,521,287.0,61250.49,0.2903225806451613,2,5,20,0,True,False,False,461.0,672.0,608.0,656.7142857142857,671.9333333333333
2017-05-18,180,701,356.0,81408.99,0.34444444444444444,3,5,20,0,True,False,False,692.0,842.0,398.0,658.0,682.0333333333333
2017-05-19,311,796,518.0,113379.19,0.7106109324758842,4,5,20,0,True,False,False,454.0,755.0,543.0,706.8571428571429,690.4666666666667
2017-05-20,245,795,458.0,98953.65,0.5428571428571428,5,5,20,1,True,False,False,712.0,783.0,536.0,718.7142857142857,699.1
2017-05-21,155,562,303.0,69852.04,0.33548387096774196,6,5,20,1,True,False,False,632.0,558.0,695.0,708.7142857142857,694.6666666666666
2017-05-22,199,577,370.0,73715.84,0.36180904522613067,0,5,21,0,True,False,False,1064.0,849.0,1061.0,639.1428571428571,678.5333333333333
2017-05-23,157,380,287.0,42640.71,0.267515923566879,1,5,21,0,True,False,False,522.0,601.0,721.0,618.8571428571429,667.1666666666666
2017-05-24,259,664,504.0,78102.31999999999,0.4015444015444015,2,5,21,0,True,False,False,521.0,461.0,481.0,639.2857142857143,673.2666666666667
2017-05-25,304,1093,647.0,110462.3,0.3848684210526316,3,5,21,0,True,False,False,701.0,692.0,280.0,695.2857142857143,700.3666666666667
2017-05-26,180,555,387.0,69174.49,0.45,4,5,21,0,True,False,False,796.0,454.0,785.0,660.8571428571429,692.7
2017-05-27,132,471,276.0,56802.82,0.44696969696969696,5,5,21,1,True,False,False,795.0,712.0,590.0,614.5714285714286,688.7333333333333
2017-05-28,227,928,464.0,104789.66,0.3964757709251101,6,5,21,1,True,False,False,562.0,632.0,796.0,666.8571428571429,693.1333333333333
2017-05-29,145,549,282.0,63106.59,0.20689655172413793,0,5,22,0,True,False,False,577.0,1064.0,1052.0,662.8571428571429,676.3666666666667
2017-05-30,238,592,464.0,72106.85,0.6218487394957983,1,5,22,0,True,False,False,380.0,522.0,657.0,693.1428571428571,674.2
2017-05-31,171,601,331.0,63322.28,0.4502923976608187,2,5,22,0,True,False,False,664.0,521.0,823.0,684.1428571428571,666.8
2017-06-01,228,750,471.0,90061.4,0.44298245614035087,3,6,22,0,False,True,False,1093.0,701.0,622.0,635.1428571428571,671.0666666666667
2017-06-02,252,762,535.0,100420.38,0.45634920634920634,4,6,22,0,False,True,False,555.0,796.0,672.0,664.7142857142857,674.0666666666667
2017-06-03,222,1022,464.0,109318.93,0.45495495495495497,5,6,22,1,False,True,False,471.0,795.0,842.0,743.4285714285714,680.0666666666667
2017-06-04,143,639,285.0,73694.57,0.34965034965034963,6,6,22,1,False,True,False,928.0,562.0,755.0,702.1428571428571,676.2
2017-06-05,173,713,342.0,94735.05,0.3352601156069364,0,6,23,0,False,True,False,549.0,577.0,783.0,725.5714285714286,673.8666666666667
2017-06-06,134,395,242.0,50246.26,0.31343283582089554,1,6,23,0,False,True,False,592.0,380.0,558.0,697.4285714285714,668.4333333333333
2017-06-07,148,418,273.0,53488.64,0.42567567567567566,2,6,23,0,False,True,False,601.0,664.0,849.0,671.2857142857143,654.0666666666667
2017-06-08,337,1109,650.0,148080.13,0.6439169139465876,3,6,23,0,False,True,False,750.0,1093.0,601.0,722.5714285714286,671.0
2017-06-09,222,668,470.0,85336.71,0.4369369369369369,4,6,23,0,False,True,False,762.0,555.0,461.0,709.1428571428571,677.9
2017-06-10,138,584,293.0,78305.41,0.30434782608695654,5,6,23,1,False,True,False,1022.0,471.0,692.0,646.5714285714286,674.3
2017-06-11,215,878,421.0,101949.33,0.3953488372093023,6,6,23,1,False,True,False,639.0,928.0,454.0,680.7142857142857,688.4333333333333
2017-06-12,179,629,356.0,78343.35,0.4022346368715084,0,6,24,0,False,True,False,713.0,549.0,712.0,668.7142857142857,685.6666666666666
2017-06-13,117,472,231.0,55323.12,0.3076923076923077,1,6,24,0,False,True,False,395.0,592.0,632.0,679.7142857142857,680.3333333333334
2017-06-14,158,593,322.0,70553.41,0.41139240506329117,2,6,24,0,False,True,False,418.0,601.0,1064.0,704.7142857142857,664.6333333333333
2017-06-15,195,787,413.0,96713.94,0.38974358974358975,3,6,24,0,False,True,False,1109.0,750.0,522.0,658.7142857142857,673.4666666666667
2017-06-16,183,635,368.0,74842.31999999999,0.4972677595628415,4,6,24,0,False,True,False,668.0,762.0,521.0,654.0,677.2666666666667
2017-06-17,237,1096,426.0,135718.24,0.5485232067510548,5,6,24,1,False,True,False,584.0,1022.0,701.0,727.1428571428571,690.4333333333333
2017-06-18,148,597,295.0,71030.55,0.39864864864864863,6,6,24,1,False,True,False,878.0,639.0,796.0,687.0,683.8
2017-06-19,185,777,369.0,101381.64,0.40540540540540543,0,6,25,0,False,True,False,629.0,713.0,795.0,708.1428571428571,683.2
2017-06-20,162,558,314.0,71043.73,0.37037037037037035,1,6,25,0,False,True,False,472.0,395.0,562.0,720.4285714285714,683.0666666666667
2017-06-21,159,647,295.0,83108.48,0.5094339622641509,2,6,25,0,False,True,False,593.0,418.0,577.0,728.1428571428571,685.4
2017-06-22,165,626,338.0,74249.38,0.3515151515151515,3,6,25,0,False,True,False,787.0,1109.0,380.0,705.1428571428571,693.6
2017-06-23,196,646,400.0,78109.67,0.4744897959183674,4,6,25,0,False,True,False,635.0,668.0,664.0,706.7142857142857,693.0
2017-06-24,167,757,364.0,92186.62,0.4491017964071856,5,6,25,1,False,True,False,1096.0,584.0,1093.0,658.2857142857143,681.8
2017-06-25,180,659,370.0,78780.91,0.2722222222222222,6,6,25,1,False,True,False,597.0,878.0,555.0,667.1428571428571,685.2666666666667
2017-06-26,187,763,399.0,93580.28,0.45989304812834225,0,6,26,0,False,True,False,777.0,629.0,471.0,665.1428571428571,695.0
2017-06-27,201,728,361.0,90969.14,0.4577114427860697,1,6,26,0,False,True,False,558.0,472.0,928.0,689.4285714285714,688.3333333333334
2017-06-28,221,702,429.0,81067.9,0.49321266968325794,2,6,26,0,False,True,False,647.0,593.0,549.0,697.2857142857143,693.4333333333333
2017-06-29,160,537,368.0,68566.32,0.43125,3,6,26,0,False,True,False,626.0,787.0,592.0,684.5714285714286,691.6
2017-06-30,191,591,411.0,76019.81,0.39790575916230364,4,6,26,0,False,True,False,646.0,635.0,601.0,676.7142857142857,691.2666666666667
2017-07-01,182,832,411.0,110042.8,0.38461538461538464,5,7,26,1,False,True,False,757.0,1096.0,750.0,687.4285714285714,694.0
2017-07-02,143,560,336.0,75925.08,0.3706293706293706,6,7,26,1,False,True,False,659.0,597.0,762.0,673.2857142857143,687.2666666666667
2017-07-03,172,816,406.0,117924.34,0.36046511627906974,0,7,27,0,False,True,False,763.0,777.0,1022.0,680.8571428571429,680.4
2017-07-04,194,733,397.0,94605.58,0.25773195876288657,1,7,27,0,False,True,False,728.0,558.0,639.0,681.5714285714286,683.5333333333333
2017-07-05,138,517,273.0,66631.81999999999,0.4927536231884058,2,7,27,0,False,True,False,702.0,647.0,713.0,655.1428571428571,677.0
2017-07-06,197,650,412.0,81211.53,0.3147208121827411,3,7,27,0,False,True,False,537.0,626.0,395.0,671.2857142857143,685.5
2017-07-07,178,496,378.0,63520.119999999995,0.449438202247191,4,7,27,0,False,True,False,591.0,646.0,418.0,657.7142857142857,688.1
2017-07-08,138,551,319.0,80441.4,0.3333333333333333,5,7,27,1,False,True,False,832.0,757.0,1109.0,617.5714285714286,669.5
2017-07-09,208,737,458.0,97718.67,0.375,6,7,27,1,False,True,False,560.0,659.0,668.0,642.8571428571429,671.8
2017-07-10,183,689,410.0,101820.68,0.36065573770491804,0,7,28,0,False,True,False,816.0,763.0,584.0,624.7142857142857,675.3
2017-07-11,178,613,371.0,94056.85,0.38764044943820225,1,7,28,0,False,True,False,733.0,728.0,878.0,607.5714285714286,666.4666666666667
2017-07-12,180,603,387.0,82580.34,0.38333333333333336,2,7,28,0,False,True,False,517.0,702.0,629.0,619.8571428571429,665.6
2017-07-13,200,605,406.0,81999.81,0.275,3,7,28,0,False,True,False,650.0,537.0,472.0,613.4285714285714,670.0333333333333
2017-07-14,122,490,271.0,78823.69,0.3524590163934426,4,7,28,0,False,True,False,496.0,591.0,593.0,612.5714285714286,666.6
2017-07-15,263,972,565.0,143117.59,0.3916349809885932,5,7,28,1,False,True,False,551.0,832.0,787.0,672.7142857142857,672.7666666666667
2017-07-16,146,623,322.0,88779.97,0.3424657534246575,6,7,28,1,False,True,False,737.0,560.0,635.0,656.4285714285714,672.3666666666667
2017-07-17,182,827,400.0,125531.19,0.3956043956043956,0,7,29,0,False,True,False,689.0,816.0,1096.0,676.1428571428571,663.4
2017-07-18,138,573,289.0,82236.06,0.2898550724637681,1,7,29,0,False,True,False,613.0,733.0,597.0,670.4285714285714,662.6
2017-07-19,94,345,213.0,51199.03,0.24468085106382978,2,7,29,0,False,True,False,603.0,517.0,777.0,633.5714285714286,648.2
2017-07-20,126,503,288.0,76811.26,0.3412698412698413,3,7,29,0,False,True,False,605.0,650.0,558.0,619.0,646.3666666666667
2017-07-21,132,449,300.0,70457.08,0.3106060606060606,4,7,29,0,False,True,False,490.0,496.0,647.0,613.1428571428571,639.7666666666667
2017-07-22,198,783,411.0,125353.09,0.3787878787878788,5,7,29,1,False,True,False,972.0,551.0,626.0,586.1428571428571,645.0
2017-07-23,155,668,349.0,107499.24,0.4129032258064516,6,7,29,1,False,True,False,623.0,737.0,646.0,592.5714285714286,645.7333333333333
2017-07-24,201,849,436.0,133534.41,0.3333333333333333,0,7,30,0,False,True,False,827.0,689.0,757.0,595.7142857142857,648.8
2017-07-25,135,501,302.0,75740.43,0.362962962962963,1,7,30,0,False,True,False,573.0,613.0,659.0,585.4285714285714,643.5333333333333
2017-07-26,158,689,353.0,103527.16,0.5,2,7,30,0,False,True,False,345.0,603.0,763.0,634.5714285714286,641.0666666666667
2017-07-27,151,581,328.0,88636.53,0.36423841059602646,3,7,30,0,False,True,False,503.0,605.0,728.0,645.7142857142857,636.1666666666666
2017-07-28,161,547,347.0,83325.71,0.4906832298136646,4,7,30,0,False,True,False,449.0,490.0,702.0,659.7142857142857,631.0
2017-07-29,190,806,447.0,130303.93,0.4421052631578947,5,7,30,1,False,True,False,783.0,972.0,537.0,663.0,639.9666666666667
2017-07-30,129,575,281.0,89219.29,0.3178294573643411,6,7,30,1,False,True,False,668.0,623.0,591.0,649.7142857142857,639.4333333333333
2017-07-31,173,781,396.0,126393.83,0.3988439306358382,0,7,31,0,False,True,False,849.0,827.0,832.0,640.0,637.7333333333333
2017-08-01,157,693,345.0,111916.66,0.40764331210191085,1,8,31,0,False,True,False,501.0,573.0,560.0,667.4285714285714,642.1666666666666
2017-08-02,144,609,325.0,97393.23,0.3194444444444444,2,8,31,0,False,True,False,689.0,345.0,816.0,656.0,635.2666666666667
2017-08-03,173,712,374.0,113453.42,0.3930635838150289,3,8,31,0,False,True,False,581.0,503.0,733.0,674.7142857142857,634.5666666666667
2017-08-04,153,519,355.0,84064.47,0.3464052287581699,4,8,31,0,False,True,False,547.0,449.0,517.0,670.7142857142857,634.6333333333333
2017-08-05,139,617,322.0,103518.27,0.38848920863309355,5,8,31,1,False,True,False,806.0,783.0,650.0,643.7142857142857,633.5333333333333
2017-08-06,138,687,305.0,115489.76,0.38405797101449274,6,8,31,1,False,True,False,575.0,668.0,496.0,659.7142857142857,639.9
2017-08-07,189,861,426.0,146670.44,0.35978835978835977,0,8,32,0,False,True,False,781.0,849.0,551.0,671.1428571428571,650.2333333333333
2017-08-08,135,543,302.0,86580.83,0.3925925925925926,1,8,32,0,False,True,False,693.0,501.0,737.0,649.7142857142857,643.7666666666667
2017-08-09,112,396,259.0,64914.729999999996,0.39285714285714285,2,8,32,0,False,True,False,609.0,689.0,689.0,619.2857142857143,634.0
2017-08-10,143,590,313.0,93856.5,0.3986013986013986,3,8,32,0,False,True,False,712.0,581.0,613.0,601.8571428571429,633.2333333333333
2017-08-11,119,444,261.0,74524.69,0.4117647058823529,4,8,32,0,False,True,False,519.0,547.0,603.0,591.1428571428571,627.9333333333333
2017-08-12,150,739,345.0,119818.77,0.38,5,8,32,1,False,True,False,617.0,806.0,605.0,608.5714285714286,632.4
2017-08-13,141,663,329.0,108162.92,0.36879432624113473,6,8,32,1,False,True,False,687.0,575.0,490.0,605.1428571428571,638.1666666666666
2017-08-14,158,657,364.0,112755.47,0.379746835443038,0,8,33,0,False,True,False,861.0,781.0,972.0,576.0,627.6666666666666
2017-08-15,143,525,320.0,79789.33,0.35664335664335667,1,8,33,0,False,True,False,543.0,693.0,623.0,573.4285714285714,624.4
2017-08-16,185,684,424.0,108617.1,0.4810810810810811,2,8,33,0,False,True,False,396.0,609.0,827.0,614.5714285714286,619.6333333333333
2017-08-17,182,720,426.0,120119.68,0.43956043956043955,3,8,33,0,False,True,False,590.0,712.0,573.0,633.1428571428571,624.5333333333333
2017-08-18,168,607,382.0,96317.75,0.47023809523809523,4,8,33,0,False,True,False,444.0,519.0,345.0,656.4285714285714,633.2666666666667
2017-08-19,179,712,403.0,121043.54,0.45251396648044695,5,8,33,1,False,True,False,739.0,617.0,503.0,652.5714285714286,640.2333333333333
2017-08-20,150,684,304.0,106338.47,0.28,6,8,33,1,False,True,False,663.0,687.0,449.0,655.5714285714286,648.0666666666667
2017-08-21,146,612,331.0,96599.77,0.3561643835616438,0,8,34,0,False,True,False,657.0,861.0,783.0,649.1428571428571,642.3666666666667
2017-08-22,88,334,190.0,54255.42,0.2727272727272727,1,8,34,0,False,True,False,525.0,543.0,668.0,621.8571428571429,631.2333333333333
2017-08-23,121,443,261.0,73463.69,0.30578512396694213,2,8,34,0,False,True,False,684.0,396.0,849.0,587.4285714285714,617.7
2017-08-24,150,582,331.0,93374.11,0.38666666666666666,3,8,34,0,False,True,False,720.0,590.0,501.0,567.7142857142857,620.4
2017-08-25,183,539,387.0,80867.31,0.273224043715847,4,8,34,0,False,True,False,607.0,444.0,689.0,558.0,615.4
2017-08-26,125,554,292.0,92471.84,0.448,5,8,34,1,False,True,False,712.0,739.0,581.0,535.4285714285714,614.5
2017-08-27,166,519,354.0,82583.46,0.2710843373493976,6,8,34,1,False,True,False,684.0,663.0,547.0,511.85714285714283,613.5666666666667
2017-08-28,204,884,367.0,132407.16,0.28921568627450983,0,8,35,0,False,True,False,612.0,657.0,806.0,550.7142857142857,616.1666666666666
2017-08-29,113,469,219.0,70421.5,0.2920353982300885,1,8,35,0,False,True,False,334.0,525.0,575.0,570.0,612.6333333333333
2017-08-30,88,344,190.0,51953.090000000004,0.29545454545454547,2,8,35,0,False,True,False,443.0,684.0,781.0,555.8571428571429,598.0666666666667
2017-08-31,131,519,283.0,75149.39,0.33587786259541985,3,8,35,0,False,True,False,582.0,720.0,693.0,546.8571428571429,592.2666666666667
